,sample_id,video_path,label,fold,easy_annot
0,TRAIN_0000,TRAIN_0000.mp4,7,0,2
1,TRAIN_0001,TRAIN_0001.mp4,7,0,2
2,TRAIN_0002,TRAIN_0002.mp4,0,0,0
3,TRAIN_0003,TRAIN_0003.mp4,0,0,0
4,TRAIN_0004,TRAIN_0004.mp4,1,0,1
5,TRAIN_0005,TRAIN_0005.mp4,0,0,0
6,TRAIN_0006,TRAIN_0006.mp4,3,0,1
7,TRAIN_0007,TRAIN_0007.mp4,7,0,2
8,TRAIN_0008,TRAIN_0008.mp4,0,0,0
9,TRAIN_0009,TRAIN_0009.mp4,3,0,1
10,TRAIN_0010,TRAIN_0010.mp4,0,0,0
11,TRAIN_0011,TRAIN_0011.mp4,1,0,1
12,TRAIN_0012,TRAIN_0012.mp4,0,0,0
13,TRAIN_0013,TRAIN_0013.mp4,0,0,0
14,TRAIN_0014,TRAIN_0014.mp4,0,0,0
15,TRAIN_0015,TRAIN_0015.mp4,1,0,1
16,TRAIN_0016,TRAIN_0016.mp4,7,0,2
17,TRAIN_0017,TRAIN_0017.mp4,1,0,1
18,TRAIN_0018,TRAIN_0018.mp4,0,0,0
19,TRAIN_0019,TRAIN_0019.mp4,0,0,0
20,TRAIN_0020,TRAIN_0020.mp4,1,0,1
21,TRAIN_0021,TRAIN_0021.mp4,7,0,2
22,TRAIN_0022,TRAIN_0022.mp4,0,0,0
23,TRAIN_0023,TRAIN_0023.mp4,4,0,1
24,TRAIN_0024,TRAIN_0024.mp4,0,0,0
25,TRAIN_0025,TRAIN_0025.mp4,0,0,0
26,TRAIN_0026,TRAIN_0026.mp4,0,0,0
27,TRAIN_0027,TRAIN_0027.mp4,0,0,0
28,TRAIN_0028,TRAIN_0028.mp4,0,0,0
29,TRAIN_0029,TRAIN_0029.mp4,0,0,0
30,TRAIN_0030,TRAIN_0030.mp4,0,0,0
31,TRAIN_0031,TRAIN_0031.mp4,1,0,1
32,TRAIN_0032,TRAIN_0032.mp4,0,0,0
33,TRAIN_0033,TRAIN_0033.mp4,0,0,0
34,TRAIN_0034,TRAIN_0034.mp4,0,0,0
35,TRAIN_0035,TRAIN_0035.mp4,4,0,1
36,TRAIN_0036,TRAIN_0036.mp4,0,0,0
37,TRAIN_0037,TRAIN_0037.mp4,7,0,2
38,TRAIN_0038,TRAIN_0038.mp4,2,0,1
39,TRAIN_0039,TRAIN_0039.mp4,0,0,0
40,TRAIN_0040,TRAIN_0040.mp4,0,0,0
41,TRAIN_0041,TRAIN_0041.mp4,0,0,0
42,TRAIN_0042,TRAIN_0042.mp4,0,0,0
43,TRAIN_0043,TRAIN_0043.mp4,0,0,0
44,TRAIN_0044,TRAIN_0044.mp4,0,0,0
45,TRAIN_0045,TRAIN_0045.mp4,0,0,0
46,TRAIN_0046,TRAIN_0046.mp4,0,0,0
47,TRAIN_0047,TRAIN_0047.mp4,11,0,2
48,TRAIN_0048,TRAIN_0048.mp4,7,0,2
49,TRAIN_0049,TRAIN_0049.mp4,1,0,1
50,TRAIN_0050,TRAIN_0050.mp4,2,0,1
51,TRAIN_0051,TRAIN_0051.mp4,0,0,0
52,TRAIN_0052,TRAIN_0052.mp4,0,0,0
53,TRAIN_0053,TRAIN_0053.mp4,0,0,0
54,TRAIN_0054,TRAIN_0054.mp4,0,0,0
55,TRAIN_0055,TRAIN_0055.mp4,2,0,1
56,TRAIN_0056,TRAIN_0056.mp4,7,0,2
57,TRAIN_0057,TRAIN_0057.mp4,0,0,0
58,TRAIN_0058,TRAIN_0058.mp4,9,0,2
59,TRAIN_0059,TRAIN_0059.mp4,7,0,2
60,TRAIN_0060,TRAIN_0060.mp4,7,0,2
61,TRAIN_0061,TRAIN_0061.mp4,7,0,2
62,TRAIN_0062,TRAIN_0062.mp4,0,0,0
63,TRAIN_0063,TRAIN_0063.mp4,0,0,0
64,TRAIN_0064,TRAIN_0064.mp4,7,0,2
65,TRAIN_0065,TRAIN_0065.mp4,7,0,2
66,TRAIN_0066,TRAIN_0066.mp4,1,0,1
67,TRAIN_0067,TRAIN_0067.mp4,0,0,0
68,TRAIN_0068,TRAIN_0068.mp4,0,0,0
69,TRAIN_0069,TRAIN_0069.mp4,0,0,0
70,TRAIN_0070,TRAIN_0070.mp4,0,0,0
71,TRAIN_0071,TRAIN_0071.mp4,0,0,0
72,TRAIN_0072,TRAIN_0072.mp4,0,0,0
73,TRAIN_0073,TRAIN_0073.mp4,0,0,0
74,TRAIN_0074,TRAIN_0074.mp4,7,0,2
75,TRAIN_0075,TRAIN_0075.mp4,0,0,0
76,TRAIN_0076,TRAIN_0076.mp4,0,0,0
77,TRAIN_0077,TRAIN_0077.mp4,1,0,1
78,TRAIN_0078,TRAIN_0078.mp4,0,0,0
79,TRAIN_0079,TRAIN_0079.mp4,0,0,0
80,TRAIN_0080,TRAIN_0080.mp4,1,0,1
81,TRAIN_0081,TRAIN_0081.mp4,7,0,2
82,TRAIN_0082,TRAIN_0082.mp4,0,0,0
83,TRAIN_0083,TRAIN_0083.mp4,0,0,0
84,TRAIN_0084,TRAIN_0084.mp4,0,0,0
85,TRAIN_0085,TRAIN_0085.mp4,0,0,0
86,TRAIN_0086,TRAIN_0086.mp4,0,0,0
87,TRAIN_0087,TRAIN_0087.mp4,0,0,0
88,TRAIN_0088,TRAIN_0088.mp4,0,0,0
89,TRAIN_0089,TRAIN_0089.mp4,0,0,0
90,TRAIN_0090,TRAIN_0090.mp4,0,0,0
91,TRAIN_0091,TRAIN_0091.mp4,0,0,0
92,TRAIN_0092,TRAIN_0092.mp4,0,0,0
93,TRAIN_0093,TRAIN_0093.mp4,0,0,0
94,TRAIN_0094,TRAIN_0094.mp4,0,0,0
95,TRAIN_0095,TRAIN_0095.mp4,0,0,0
96,TRAIN_0096,TRAIN_0096.mp4,0,0,0
97,TRAIN_0097,TRAIN_0097.mp4,1,0,1
98,TRAIN_0098,TRAIN_0098.mp4,0,0,0
99,TRAIN_0099,TRAIN_0099.mp4,0,0,0
100,TRAIN_0100,TRAIN_0100.mp4,0,0,0
101,TRAIN_0101,TRAIN_0101.mp4,0,0,0
102,TRAIN_0102,TRAIN_0102.mp4,0,0,0
103,TRAIN_0103,TRAIN_0103.mp4,0,0,0
104,TRAIN_0104,TRAIN_0104.mp4,0,0,0
105,TRAIN_0105,TRAIN_0105.mp4,1,0,1
106,TRAIN_0106,TRAIN_0106.mp4,1,0,1
107,TRAIN_0107,TRAIN_0107.mp4,7,0,2
108,TRAIN_0108,TRAIN_0108.mp4,7,0,2
109,TRAIN_0109,TRAIN_0109.mp4,7,0,2
110,TRAIN_0110,TRAIN_0110.mp4,0,0,0
111,TRAIN_0111,TRAIN_0111.mp4,7,0,2
112,TRAIN_0112,TRAIN_0112.mp4,0,0,0
113,TRAIN_0113,TRAIN_0113.mp4,1,0,1
114,TRAIN_0114,TRAIN_0114.mp4,1,0,1
115,TRAIN_0115,TRAIN_0115.mp4,1,0,1
116,TRAIN_0116,TRAIN_0116.mp4,0,0,0
117,TRAIN_0117,TRAIN_0117.mp4,0,0,0
118,TRAIN_0118,TRAIN_0118.mp4,0,0,0
119,TRAIN_0119,TRAIN_0119.mp4,0,0,0
120,TRAIN_0120,TRAIN_0120.mp4,0,0,0
121,TRAIN_0121,TRAIN_0121.mp4,0,0,0
122,TRAIN_0122,TRAIN_0122.mp4,0,0,0
123,TRAIN_0123,TRAIN_0123.mp4,2,0,1
124,TRAIN_0124,TRAIN_0124.mp4,0,0,0
125,TRAIN_0125,TRAIN_0125.mp4,0,0,0
126,TRAIN_0126,TRAIN_0126.mp4,7,0,2
127,TRAIN_0127,TRAIN_0127.mp4,0,0,0
128,TRAIN_0128,TRAIN_0128.mp4,0,0,0
129,TRAIN_0129,TRAIN_0129.mp4,4,0,1
130,TRAIN_0130,TRAIN_0130.mp4,0,0,0
131,TRAIN_0131,TRAIN_0131.mp4,0,0,0
132,TRAIN_0132,TRAIN_0132.mp4,0,0,0
133,TRAIN_0133,TRAIN_0133.mp4,0,0,0
134,TRAIN_0134,TRAIN_0134.mp4,0,0,0
135,TRAIN_0135,TRAIN_0135.mp4,0,0,0
136,TRAIN_0136,TRAIN_0136.mp4,0,0,0
137,TRAIN_0137,TRAIN_0137.mp4,0,0,0
138,TRAIN_0138,TRAIN_0138.mp4,0,0,0
139,TRAIN_0139,TRAIN_0139.mp4,0,0,0
140,TRAIN_0140,TRAIN_0140.mp4,0,0,0
141,TRAIN_0141,TRAIN_0141.mp4,0,0,0
142,TRAIN_0142,TRAIN_0142.mp4,0,0,0
143,TRAIN_0143,TRAIN_0143.mp4,3,0,1
144,TRAIN_0144,TRAIN_0144.mp4,8,0,2
145,TRAIN_0145,TRAIN_0145.mp4,7,0,2
146,TRAIN_0146,TRAIN_0146.mp4,0,0,0
147,TRAIN_0147,TRAIN_0147.mp4,0,0,0
148,TRAIN_0148,TRAIN_0148.mp4,0,0,0
149,TRAIN_0149,TRAIN_0149.mp4,1,0,1
150,TRAIN_0150,TRAIN_0150.mp4,0,0,0
151,TRAIN_0151,TRAIN_0151.mp4,0,0,0
152,TRAIN_0152,TRAIN_0152.mp4,1,0,1
153,TRAIN_0153,TRAIN_0153.mp4,1,0,1
154,TRAIN_0154,TRAIN_0154.mp4,0,0,0
155,TRAIN_0155,TRAIN_0155.mp4,0,0,0
156,TRAIN_0156,TRAIN_0156.mp4,1,0,1
157,TRAIN_0157,TRAIN_0157.mp4,0,0,0
158,TRAIN_0158,TRAIN_0158.mp4,0,0,0
159,TRAIN_0159,TRAIN_0159.mp4,0,0,0
160,TRAIN_0160,TRAIN_0160.mp4,0,0,0
161,TRAIN_0161,TRAIN_0161.mp4,0,0,0
162,TRAIN_0162,TRAIN_0162.mp4,0,0,0
163,TRAIN_0163,TRAIN_0163.mp4,0,0,0
164,TRAIN_0164,TRAIN_0164.mp4,3,0,1
165,TRAIN_0165,TRAIN_0165.mp4,0,0,0
166,TRAIN_0166,TRAIN_0166.mp4,0,0,0
167,TRAIN_0167,TRAIN_0167.mp4,0,0,0
168,TRAIN_0168,TRAIN_0168.mp4,1,0,1
169,TRAIN_0169,TRAIN_0169.mp4,0,0,0
170,TRAIN_0170,TRAIN_0170.mp4,7,0,2
171,TRAIN_0171,TRAIN_0171.mp4,0,0,0
172,TRAIN_0172,TRAIN_0172.mp4,1,0,1
173,TRAIN_0173,TRAIN_0173.mp4,4,1,1
174,TRAIN_0174,TRAIN_0174.mp4,3,0,1
175,TRAIN_0175,TRAIN_0175.mp4,0,0,0
176,TRAIN_0176,TRAIN_0176.mp4,0,0,0
177,TRAIN_0177,TRAIN_0177.mp4,0,0,0
178,TRAIN_0178,TRAIN_0178.mp4,0,0,0
179,TRAIN_0179,TRAIN_0179.mp4,0,0,0
180,TRAIN_0180,TRAIN_0180.mp4,0,0,0
181,TRAIN_0181,TRAIN_0181.mp4,0,0,0
182,TRAIN_0182,TRAIN_0182.mp4,0,0,0
183,TRAIN_0183,TRAIN_0183.mp4,0,0,0
184,TRAIN_0184,TRAIN_0184.mp4,0,0,0
185,TRAIN_0185,TRAIN_0185.mp4,0,0,0
186,TRAIN_0186,TRAIN_0186.mp4,1,0,1
187,TRAIN_0187,TRAIN_0187.mp4,0,0,0
188,TRAIN_0188,TRAIN_0188.mp4,0,0,0
189,TRAIN_0189,TRAIN_0189.mp4,0,0,0
190,TRAIN_0190,TRAIN_0190.mp4,2,0,1
191,TRAIN_0191,TRAIN_0191.mp4,0,0,0
192,TRAIN_0192,TRAIN_0192.mp4,0,0,0
193,TRAIN_0193,TRAIN_0193.mp4,0,0,0
194,TRAIN_0194,TRAIN_0194.mp4,0,0,0
195,TRAIN_0195,TRAIN_0195.mp4,0,0,0
196,TRAIN_0196,TRAIN_0196.mp4,1,0,1
197,TRAIN_0197,TRAIN_0197.mp4,0,0,0
198,TRAIN_0198,TRAIN_0198.mp4,0,0,0
199,TRAIN_0199,TRAIN_0199.mp4,0,0,0
200,TRAIN_0200,TRAIN_0200.mp4,0,0,0
201,TRAIN_0201,TRAIN_0201.mp4,0,0,0
202,TRAIN_0202,TRAIN_0202.mp4,0,0,0
203,TRAIN_0203,TRAIN_0203.mp4,0,0,0
204,TRAIN_0204,TRAIN_0204.mp4,0,0,0
205,TRAIN_0205,TRAIN_0205.mp4,1,0,1
206,TRAIN_0206,TRAIN_0206.mp4,0,0,0
207,TRAIN_0207,TRAIN_0207.mp4,11,0,2
208,TRAIN_0208,TRAIN_0208.mp4,0,0,0
209,TRAIN_0209,TRAIN_0209.mp4,0,0,0
210,TRAIN_0210,TRAIN_0210.mp4,0,0,0
211,TRAIN_0211,TRAIN_0211.mp4,0,0,0
212,TRAIN_0212,TRAIN_0212.mp4,0,0,0
213,TRAIN_0213,TRAIN_0213.mp4,1,0,1
214,TRAIN_0214,TRAIN_0214.mp4,0,0,0
215,TRAIN_0215,TRAIN_0215.mp4,7,0,2
216,TRAIN_0216,TRAIN_0216.mp4,0,0,0
217,TRAIN_0217,TRAIN_0217.mp4,0,0,0
218,TRAIN_0218,TRAIN_0218.mp4,0,0,0
219,TRAIN_0219,TRAIN_0219.mp4,0,0,0
220,TRAIN_0220,TRAIN_0220.mp4,1,0,1
221,TRAIN_0221,TRAIN_0221.mp4,2,0,1
222,TRAIN_0222,TRAIN_0222.mp4,7,0,2
223,TRAIN_0223,TRAIN_0223.mp4,0,0,0
224,TRAIN_0224,TRAIN_0224.mp4,0,0,0
225,TRAIN_0225,TRAIN_0225.mp4,3,0,1
226,TRAIN_0226,TRAIN_0226.mp4,0,0,0
227,TRAIN_0227,TRAIN_0227.mp4,1,0,1
228,TRAIN_0228,TRAIN_0228.mp4,0,0,0
229,TRAIN_0229,TRAIN_0229.mp4,0,0,0
230,TRAIN_0230,TRAIN_0230.mp4,0,0,0
231,TRAIN_0231,TRAIN_0231.mp4,0,0,0
232,TRAIN_0232,TRAIN_0232.mp4,9,0,2
233,TRAIN_0233,TRAIN_0233.mp4,0,0,0
234,TRAIN_0234,TRAIN_0234.mp4,7,0,2
235,TRAIN_0235,TRAIN_0235.mp4,0,0,0
236,TRAIN_0236,TRAIN_0236.mp4,0,0,0
237,TRAIN_0237,TRAIN_0237.mp4,0,0,0
238,TRAIN_0238,TRAIN_0238.mp4,8,0,2
239,TRAIN_0239,TRAIN_0239.mp4,0,0,0
240,TRAIN_0240,TRAIN_0240.mp4,0,0,0
241,TRAIN_0241,TRAIN_0241.mp4,1,0,1
242,TRAIN_0242,TRAIN_0242.mp4,1,0,1
243,TRAIN_0243,TRAIN_0243.mp4,0,0,0
244,TRAIN_0244,TRAIN_0244.mp4,0,0,0
245,TRAIN_0245,TRAIN_0245.mp4,0,0,0
246,TRAIN_0246,TRAIN_0246.mp4,3,0,1
247,TRAIN_0247,TRAIN_0247.mp4,3,0,1
248,TRAIN_0248,TRAIN_0248.mp4,10,0,2
249,TRAIN_0249,TRAIN_0249.mp4,0,0,0
250,TRAIN_0250,TRAIN_0250.mp4,0,0,0
251,TRAIN_0251,TRAIN_0251.mp4,0,0,0
252,TRAIN_0252,TRAIN_0252.mp4,0,0,0
253,TRAIN_0253,TRAIN_0253.mp4,7,0,2
254,TRAIN_0254,TRAIN_0254.mp4,0,0,0
255,TRAIN_0255,TRAIN_0255.mp4,0,0,0
256,TRAIN_0256,TRAIN_0256.mp4,0,0,0
257,TRAIN_0257,TRAIN_0257.mp4,0,0,0
258,TRAIN_0258,TRAIN_0258.mp4,7,0,2
259,TRAIN_0259,TRAIN_0259.mp4,0,0,0
260,TRAIN_0260,TRAIN_0260.mp4,0,0,0
261,TRAIN_0261,TRAIN_0261.mp4,0,0,0
262,TRAIN_0262,TRAIN_0262.mp4,0,0,0
263,TRAIN_0263,TRAIN_0263.mp4,1,0,1
264,TRAIN_0264,TRAIN_0264.mp4,0,0,0
265,TRAIN_0265,TRAIN_0265.mp4,0,0,0
266,TRAIN_0266,TRAIN_0266.mp4,0,0,0
267,TRAIN_0267,TRAIN_0267.mp4,1,0,1
268,TRAIN_0268,TRAIN_0268.mp4,3,0,1
269,TRAIN_0269,TRAIN_0269.mp4,0,0,0
270,TRAIN_0270,TRAIN_0270.mp4,0,0,0
271,TRAIN_0271,TRAIN_0271.mp4,0,0,0
272,TRAIN_0272,TRAIN_0272.mp4,5,0,1
273,TRAIN_0273,TRAIN_0273.mp4,0,0,0
274,TRAIN_0274,TRAIN_0274.mp4,0,0,0
275,TRAIN_0275,TRAIN_0275.mp4,0,0,0
276,TRAIN_0276,TRAIN_0276.mp4,1,0,1
277,TRAIN_0277,TRAIN_0277.mp4,0,0,0
278,TRAIN_0278,TRAIN_0278.mp4,0,0,0
279,TRAIN_0279,TRAIN_0279.mp4,0,0,0
280,TRAIN_0280,TRAIN_0280.mp4,1,0,1
281,TRAIN_0281,TRAIN_0281.mp4,0,0,0
282,TRAIN_0282,TRAIN_0282.mp4,1,0,1
283,TRAIN_0283,TRAIN_0283.mp4,1,0,1
284,TRAIN_0284,TRAIN_0284.mp4,1,0,1
285,TRAIN_0285,TRAIN_0285.mp4,7,0,2
286,TRAIN_0286,TRAIN_0286.mp4,0,0,0
287,TRAIN_0287,TRAIN_0287.mp4,1,0,1
288,TRAIN_0288,TRAIN_0288.mp4,0,0,0
289,TRAIN_0289,TRAIN_0289.mp4,11,0,2
290,TRAIN_0290,TRAIN_0290.mp4,0,0,0
291,TRAIN_0291,TRAIN_0291.mp4,0,0,0
292,TRAIN_0292,TRAIN_0292.mp4,7,0,2
293,TRAIN_0293,TRAIN_0293.mp4,0,0,0
294,TRAIN_0294,TRAIN_0294.mp4,7,0,2
295,TRAIN_0295,TRAIN_0295.mp4,3,0,1
296,TRAIN_0296,TRAIN_0296.mp4,7,0,2
297,TRAIN_0297,TRAIN_0297.mp4,1,0,1
298,TRAIN_0298,TRAIN_0298.mp4,0,0,0
299,TRAIN_0299,TRAIN_0299.mp4,0,0,0
300,TRAIN_0300,TRAIN_0300.mp4,7,0,2
301,TRAIN_0301,TRAIN_0301.mp4,0,0,0
302,TRAIN_0302,TRAIN_0302.mp4,0,0,0
303,TRAIN_0303,TRAIN_0303.mp4,0,0,0
304,TRAIN_0304,TRAIN_0304.mp4,0,0,0
305,TRAIN_0305,TRAIN_0305.mp4,0,0,0
306,TRAIN_0306,TRAIN_0306.mp4,1,0,1
307,TRAIN_0307,TRAIN_0307.mp4,7,0,2
308,TRAIN_0308,TRAIN_0308.mp4,0,0,0
309,TRAIN_0309,TRAIN_0309.mp4,0,0,0
310,TRAIN_0310,TRAIN_0310.mp4,7,0,2
311,TRAIN_0311,TRAIN_0311.mp4,1,0,1
312,TRAIN_0312,TRAIN_0312.mp4,0,0,0
313,TRAIN_0313,TRAIN_0313.mp4,1,0,1
314,TRAIN_0314,TRAIN_0314.mp4,9,0,2
315,TRAIN_0315,TRAIN_0315.mp4,0,0,0
316,TRAIN_0316,TRAIN_0316.mp4,7,0,2
317,TRAIN_0317,TRAIN_0317.mp4,0,0,0
318,TRAIN_0318,TRAIN_0318.mp4,11,0,2
319,TRAIN_0319,TRAIN_0319.mp4,0,0,0
320,TRAIN_0320,TRAIN_0320.mp4,0,0,0
321,TRAIN_0321,TRAIN_0321.mp4,7,0,2
322,TRAIN_0322,TRAIN_0322.mp4,0,0,0
323,TRAIN_0323,TRAIN_0323.mp4,1,0,1
324,TRAIN_0324,TRAIN_0324.mp4,0,0,0
325,TRAIN_0325,TRAIN_0325.mp4,7,0,2
326,TRAIN_0326,TRAIN_0326.mp4,0,0,0
327,TRAIN_0327,TRAIN_0327.mp4,7,0,2
328,TRAIN_0328,TRAIN_0328.mp4,0,0,0
329,TRAIN_0329,TRAIN_0329.mp4,0,0,0
330,TRAIN_0330,TRAIN_0330.mp4,0,0,0
331,TRAIN_0331,TRAIN_0331.mp4,0,0,0
332,TRAIN_0332,TRAIN_0332.mp4,7,0,2
333,TRAIN_0333,TRAIN_0333.mp4,0,0,0
334,TRAIN_0334,TRAIN_0334.mp4,0,0,0
335,TRAIN_0335,TRAIN_0335.mp4,0,0,0
336,TRAIN_0336,TRAIN_0336.mp4,0,0,0
337,TRAIN_0337,TRAIN_0337.mp4,1,0,1
338,TRAIN_0338,TRAIN_0338.mp4,5,0,1
339,TRAIN_0339,TRAIN_0339.mp4,0,0,0
340,TRAIN_0340,TRAIN_0340.mp4,0,0,0
341,TRAIN_0341,TRAIN_0341.mp4,7,0,2
342,TRAIN_0342,TRAIN_0342.mp4,9,0,2
343,TRAIN_0343,TRAIN_0343.mp4,11,0,2
344,TRAIN_0344,TRAIN_0344.mp4,0,0,0
345,TRAIN_0345,TRAIN_0345.mp4,0,0,0
346,TRAIN_0346,TRAIN_0346.mp4,7,0,2
347,TRAIN_0347,TRAIN_0347.mp4,11,0,2
348,TRAIN_0348,TRAIN_0348.mp4,0,0,0
349,TRAIN_0349,TRAIN_0349.mp4,7,0,2
350,TRAIN_0350,TRAIN_0350.mp4,0,0,0
351,TRAIN_0351,TRAIN_0351.mp4,0,0,0
352,TRAIN_0352,TRAIN_0352.mp4,2,0,1
353,TRAIN_0353,TRAIN_0353.mp4,0,0,0
354,TRAIN_0354,TRAIN_0354.mp4,0,0,0
355,TRAIN_0355,TRAIN_0355.mp4,0,0,0
356,TRAIN_0356,TRAIN_0356.mp4,0,0,0
357,TRAIN_0357,TRAIN_0357.mp4,7,0,2
358,TRAIN_0358,TRAIN_0358.mp4,0,0,0
359,TRAIN_0359,TRAIN_0359.mp4,0,0,0
360,TRAIN_0360,TRAIN_0360.mp4,0,0,0
361,TRAIN_0361,TRAIN_0361.mp4,0,0,0
362,TRAIN_0362,TRAIN_0362.mp4,0,0,0
363,TRAIN_0363,TRAIN_0363.mp4,0,0,0
364,TRAIN_0364,TRAIN_0364.mp4,0,0,0
365,TRAIN_0365,TRAIN_0365.mp4,0,0,0
366,TRAIN_0366,TRAIN_0366.mp4,7,0,2
367,TRAIN_0367,TRAIN_0367.mp4,0,0,0
368,TRAIN_0368,TRAIN_0368.mp4,0,0,0
369,TRAIN_0369,TRAIN_0369.mp4,0,0,0
370,TRAIN_0370,TRAIN_0370.mp4,0,0,0
371,TRAIN_0371,TRAIN_0371.mp4,0,0,0
372,TRAIN_0372,TRAIN_0372.mp4,8,0,2
373,TRAIN_0373,TRAIN_0373.mp4,5,0,1
374,TRAIN_0374,TRAIN_0374.mp4,7,0,2
375,TRAIN_0375,TRAIN_0375.mp4,2,0,1
376,TRAIN_0376,TRAIN_0376.mp4,0,0,0
377,TRAIN_0377,TRAIN_0377.mp4,7,0,2
378,TRAIN_0378,TRAIN_0378.mp4,0,0,0
379,TRAIN_0379,TRAIN_0379.mp4,0,0,0
380,TRAIN_0380,TRAIN_0380.mp4,7,0,2
381,TRAIN_0381,TRAIN_0381.mp4,0,0,0
382,TRAIN_0382,TRAIN_0382.mp4,0,0,0
383,TRAIN_0383,TRAIN_0383.mp4,0,0,0
384,TRAIN_0384,TRAIN_0384.mp4,2,1,1
385,TRAIN_0385,TRAIN_0385.mp4,1,0,1
386,TRAIN_0386,TRAIN_0386.mp4,0,0,0
387,TRAIN_0387,TRAIN_0387.mp4,0,0,0
388,TRAIN_0388,TRAIN_0388.mp4,0,0,0
389,TRAIN_0389,TRAIN_0389.mp4,0,0,0
390,TRAIN_0390,TRAIN_0390.mp4,0,0,0
391,TRAIN_0391,TRAIN_0391.mp4,0,0,0
392,TRAIN_0392,TRAIN_0392.mp4,0,0,0
393,TRAIN_0393,TRAIN_0393.mp4,0,0,0
394,TRAIN_0394,TRAIN_0394.mp4,1,0,1
395,TRAIN_0395,TRAIN_0395.mp4,0,0,0
396,TRAIN_0396,TRAIN_0396.mp4,1,0,1
397,TRAIN_0397,TRAIN_0397.mp4,0,0,0
398,TRAIN_0398,TRAIN_0398.mp4,0,0,0
399,TRAIN_0399,TRAIN_0399.mp4,7,0,2
400,TRAIN_0400,TRAIN_0400.mp4,1,0,1
401,TRAIN_0401,TRAIN_0401.mp4,1,0,1
402,TRAIN_0402,TRAIN_0402.mp4,7,0,2
403,TRAIN_0403,TRAIN_0403.mp4,7,0,2
404,TRAIN_0404,TRAIN_0404.mp4,1,0,1
405,TRAIN_0405,TRAIN_0405.mp4,0,0,0
406,TRAIN_0406,TRAIN_0406.mp4,0,0,0
407,TRAIN_0407,TRAIN_0407.mp4,0,0,0
408,TRAIN_0408,TRAIN_0408.mp4,0,0,0
409,TRAIN_0409,TRAIN_0409.mp4,7,0,2
410,TRAIN_0410,TRAIN_0410.mp4,0,0,0
411,TRAIN_0411,TRAIN_0411.mp4,11,1,2
412,TRAIN_0412,TRAIN_0412.mp4,0,0,0
413,TRAIN_0413,TRAIN_0413.mp4,0,0,0
414,TRAIN_0414,TRAIN_0414.mp4,0,0,0
415,TRAIN_0415,TRAIN_0415.mp4,5,0,1
416,TRAIN_0416,TRAIN_0416.mp4,0,0,0
417,TRAIN_0417,TRAIN_0417.mp4,0,0,0
418,TRAIN_0418,TRAIN_0418.mp4,0,0,0
419,TRAIN_0419,TRAIN_0419.mp4,1,0,1
420,TRAIN_0420,TRAIN_0420.mp4,0,0,0
421,TRAIN_0421,TRAIN_0421.mp4,0,0,0
422,TRAIN_0422,TRAIN_0422.mp4,0,0,0
423,TRAIN_0423,TRAIN_0423.mp4,0,0,0
424,TRAIN_0424,TRAIN_0424.mp4,0,0,0
425,TRAIN_0425,TRAIN_0425.mp4,7,0,2
426,TRAIN_0426,TRAIN_0426.mp4,0,0,0
427,TRAIN_0427,TRAIN_0427.mp4,0,0,0
428,TRAIN_0428,TRAIN_0428.mp4,0,0,0
429,TRAIN_0429,TRAIN_0429.mp4,0,0,0
430,TRAIN_0430,TRAIN_0430.mp4,0,0,0
431,TRAIN_0431,TRAIN_0431.mp4,0,0,0
432,TRAIN_0432,TRAIN_0432.mp4,0,0,0
433,TRAIN_0433,TRAIN_0433.mp4,7,0,2
434,TRAIN_0434,TRAIN_0434.mp4,0,0,0
435,TRAIN_0435,TRAIN_0435.mp4,0,0,0
436,TRAIN_0436,TRAIN_0436.mp4,0,0,0
437,TRAIN_0437,TRAIN_0437.mp4,0,0,0
438,TRAIN_0438,TRAIN_0438.mp4,0,0,0
439,TRAIN_0439,TRAIN_0439.mp4,0,0,0
440,TRAIN_0440,TRAIN_0440.mp4,0,0,0
441,TRAIN_0441,TRAIN_0441.mp4,11,1,2
442,TRAIN_0442,TRAIN_0442.mp4,0,0,0
443,TRAIN_0443,TRAIN_0443.mp4,0,0,0
444,TRAIN_0444,TRAIN_0444.mp4,0,1,0
445,TRAIN_0445,TRAIN_0445.mp4,0,1,0
446,TRAIN_0446,TRAIN_0446.mp4,0,1,0
447,TRAIN_0447,TRAIN_0447.mp4,0,1,0
448,TRAIN_0448,TRAIN_0448.mp4,0,1,0
449,TRAIN_0449,TRAIN_0449.mp4,0,1,0
450,TRAIN_0450,TRAIN_0450.mp4,0,1,0
451,TRAIN_0451,TRAIN_0451.mp4,0,1,0
452,TRAIN_0452,TRAIN_0452.mp4,0,1,0
453,TRAIN_0453,TRAIN_0453.mp4,0,1,0
454,TRAIN_0454,TRAIN_0454.mp4,0,1,0
455,TRAIN_0455,TRAIN_0455.mp4,0,1,0
456,TRAIN_0456,TRAIN_0456.mp4,7,1,2
457,TRAIN_0457,TRAIN_0457.mp4,7,1,2
458,TRAIN_0458,TRAIN_0458.mp4,0,1,0
459,TRAIN_0459,TRAIN_0459.mp4,0,1,0
460,TRAIN_0460,TRAIN_0460.mp4,0,1,0
461,TRAIN_0461,TRAIN_0461.mp4,7,1,2
462,TRAIN_0462,TRAIN_0462.mp4,0,1,0
463,TRAIN_0463,TRAIN_0463.mp4,0,1,0
464,TRAIN_0464,TRAIN_0464.mp4,0,1,0
465,TRAIN_0465,TRAIN_0465.mp4,1,0,1
466,TRAIN_0466,TRAIN_0466.mp4,0,1,0
467,TRAIN_0467,TRAIN_0467.mp4,0,1,0
468,TRAIN_0468,TRAIN_0468.mp4,0,1,0
469,TRAIN_0469,TRAIN_0469.mp4,0,1,0
470,TRAIN_0470,TRAIN_0470.mp4,0,1,0
471,TRAIN_0471,TRAIN_0471.mp4,0,1,0
472,TRAIN_0472,TRAIN_0472.mp4,0,1,0
473,TRAIN_0473,TRAIN_0473.mp4,0,1,0
474,TRAIN_0474,TRAIN_0474.mp4,7,1,2
475,TRAIN_0475,TRAIN_0475.mp4,0,1,0
476,TRAIN_0476,TRAIN_0476.mp4,0,1,0
477,TRAIN_0477,TRAIN_0477.mp4,0,1,0
478,TRAIN_0478,TRAIN_0478.mp4,0,1,0
479,TRAIN_0479,TRAIN_0479.mp4,0,1,0
480,TRAIN_0480,TRAIN_0480.mp4,1,0,1
481,TRAIN_0481,TRAIN_0481.mp4,0,1,0
482,TRAIN_0482,TRAIN_0482.mp4,9,0,2
483,TRAIN_0483,TRAIN_0483.mp4,0,1,0
484,TRAIN_0484,TRAIN_0484.mp4,0,1,0
485,TRAIN_0485,TRAIN_0485.mp4,0,1,0
486,TRAIN_0486,TRAIN_0486.mp4,0,1,0
487,TRAIN_0487,TRAIN_0487.mp4,7,1,2
488,TRAIN_0488,TRAIN_0488.mp4,1,1,1
489,TRAIN_0489,TRAIN_0489.mp4,0,1,0
490,TRAIN_0490,TRAIN_0490.mp4,0,1,0
491,TRAIN_0491,TRAIN_0491.mp4,0,1,0
492,TRAIN_0492,TRAIN_0492.mp4,1,1,1
493,TRAIN_0493,TRAIN_0493.mp4,0,1,0
494,TRAIN_0494,TRAIN_0494.mp4,7,1,2
495,TRAIN_0495,TRAIN_0495.mp4,7,1,2
496,TRAIN_0496,TRAIN_0496.mp4,0,1,0
497,TRAIN_0497,TRAIN_0497.mp4,7,1,2
498,TRAIN_0498,TRAIN_0498.mp4,0,1,0
499,TRAIN_0499,TRAIN_0499.mp4,0,1,0
500,TRAIN_0500,TRAIN_0500.mp4,3,0,1
501,TRAIN_0501,TRAIN_0501.mp4,1,1,1
502,TRAIN_0502,TRAIN_0502.mp4,0,1,0
503,TRAIN_0503,TRAIN_0503.mp4,0,1,0
504,TRAIN_0504,TRAIN_0504.mp4,0,1,0
505,TRAIN_0505,TRAIN_0505.mp4,7,1,2
506,TRAIN_0506,TRAIN_0506.mp4,0,1,0
507,TRAIN_0507,TRAIN_0507.mp4,8,0,2
508,TRAIN_0508,TRAIN_0508.mp4,0,1,0
509,TRAIN_0509,TRAIN_0509.mp4,0,1,0
510,TRAIN_0510,TRAIN_0510.mp4,0,1,0
511,TRAIN_0511,TRAIN_0511.mp4,0,1,0
512,TRAIN_0512,TRAIN_0512.mp4,0,1,0
513,TRAIN_0513,TRAIN_0513.mp4,0,1,0
514,TRAIN_0514,TRAIN_0514.mp4,0,1,0
515,TRAIN_0515,TRAIN_0515.mp4,0,1,0
516,TRAIN_0516,TRAIN_0516.mp4,0,1,0
517,TRAIN_0517,TRAIN_0517.mp4,1,1,1
518,TRAIN_0518,TRAIN_0518.mp4,3,0,1
519,TRAIN_0519,TRAIN_0519.mp4,3,0,1
520,TRAIN_0520,TRAIN_0520.mp4,7,1,2
521,TRAIN_0521,TRAIN_0521.mp4,1,1,1
522,TRAIN_0522,TRAIN_0522.mp4,0,1,0
523,TRAIN_0523,TRAIN_0523.mp4,0,1,0
524,TRAIN_0524,TRAIN_0524.mp4,0,1,0
525,TRAIN_0525,TRAIN_0525.mp4,0,1,0
526,TRAIN_0526,TRAIN_0526.mp4,1,1,1
527,TRAIN_0527,TRAIN_0527.mp4,0,1,0
528,TRAIN_0528,TRAIN_0528.mp4,7,1,2
529,TRAIN_0529,TRAIN_0529.mp4,0,1,0
530,TRAIN_0530,TRAIN_0530.mp4,0,1,0
531,TRAIN_0531,TRAIN_0531.mp4,0,1,0
532,TRAIN_0532,TRAIN_0532.mp4,0,1,0
533,TRAIN_0533,TRAIN_0533.mp4,0,1,0
534,TRAIN_0534,TRAIN_0534.mp4,0,1,0
535,TRAIN_0535,TRAIN_0535.mp4,0,1,0
536,TRAIN_0536,TRAIN_0536.mp4,0,1,0
537,TRAIN_0537,TRAIN_0537.mp4,1,1,1
538,TRAIN_0538,TRAIN_0538.mp4,0,1,0
539,TRAIN_0539,TRAIN_0539.mp4,0,1,0
540,TRAIN_0540,TRAIN_0540.mp4,0,1,0
541,TRAIN_0541,TRAIN_0541.mp4,0,1,0
542,TRAIN_0542,TRAIN_0542.mp4,0,1,0
543,TRAIN_0543,TRAIN_0543.mp4,0,1,0
544,TRAIN_0544,TRAIN_0544.mp4,0,1,0
545,TRAIN_0545,TRAIN_0545.mp4,7,1,2
546,TRAIN_0546,TRAIN_0546.mp4,0,1,0
547,TRAIN_0547,TRAIN_0547.mp4,0,1,0
548,TRAIN_0548,TRAIN_0548.mp4,0,1,0
549,TRAIN_0549,TRAIN_0549.mp4,0,1,0
550,TRAIN_0550,TRAIN_0550.mp4,0,1,0
551,TRAIN_0551,TRAIN_0551.mp4,7,1,2
552,TRAIN_0552,TRAIN_0552.mp4,0,1,0
553,TRAIN_0553,TRAIN_0553.mp4,7,1,2
554,TRAIN_0554,TRAIN_0554.mp4,1,1,1
555,TRAIN_0555,TRAIN_0555.mp4,0,1,0
556,TRAIN_0556,TRAIN_0556.mp4,5,0,1
557,TRAIN_0557,TRAIN_0557.mp4,0,1,0
558,TRAIN_0558,TRAIN_0558.mp4,7,1,2
559,TRAIN_0559,TRAIN_0559.mp4,3,1,1
560,TRAIN_0560,TRAIN_0560.mp4,0,1,0
561,TRAIN_0561,TRAIN_0561.mp4,0,1,0
562,TRAIN_0562,TRAIN_0562.mp4,0,1,0
563,TRAIN_0563,TRAIN_0563.mp4,7,1,2
564,TRAIN_0564,TRAIN_0564.mp4,0,1,0
565,TRAIN_0565,TRAIN_0565.mp4,0,1,0
566,TRAIN_0566,TRAIN_0566.mp4,0,1,0
567,TRAIN_0567,TRAIN_0567.mp4,0,1,0
568,TRAIN_0568,TRAIN_0568.mp4,0,1,0
569,TRAIN_0569,TRAIN_0569.mp4,1,1,1
570,TRAIN_0570,TRAIN_0570.mp4,0,1,0
571,TRAIN_0571,TRAIN_0571.mp4,7,1,2
572,TRAIN_0572,TRAIN_0572.mp4,7,1,2
573,TRAIN_0573,TRAIN_0573.mp4,0,1,0
574,TRAIN_0574,TRAIN_0574.mp4,0,1,0
575,TRAIN_0575,TRAIN_0575.mp4,0,1,0
576,TRAIN_0576,TRAIN_0576.mp4,2,1,1
577,TRAIN_0577,TRAIN_0577.mp4,2,1,1
578,TRAIN_0578,TRAIN_0578.mp4,1,1,1
579,TRAIN_0579,TRAIN_0579.mp4,0,1,0
580,TRAIN_0580,TRAIN_0580.mp4,0,1,0
581,TRAIN_0581,TRAIN_0581.mp4,0,1,0
582,TRAIN_0582,TRAIN_0582.mp4,0,1,0
583,TRAIN_0583,TRAIN_0583.mp4,0,1,0
584,TRAIN_0584,TRAIN_0584.mp4,0,1,0
585,TRAIN_0585,TRAIN_0585.mp4,0,1,0
586,TRAIN_0586,TRAIN_0586.mp4,0,1,0
587,TRAIN_0587,TRAIN_0587.mp4,1,1,1
588,TRAIN_0588,TRAIN_0588.mp4,2,1,1
589,TRAIN_0589,TRAIN_0589.mp4,0,1,0
590,TRAIN_0590,TRAIN_0590.mp4,9,1,2
591,TRAIN_0591,TRAIN_0591.mp4,0,1,0
592,TRAIN_0592,TRAIN_0592.mp4,0,1,0
593,TRAIN_0593,TRAIN_0593.mp4,0,1,0
594,TRAIN_0594,TRAIN_0594.mp4,1,1,1
595,TRAIN_0595,TRAIN_0595.mp4,0,1,0
596,TRAIN_0596,TRAIN_0596.mp4,1,1,1
597,TRAIN_0597,TRAIN_0597.mp4,7,1,2
598,TRAIN_0598,TRAIN_0598.mp4,0,1,0
599,TRAIN_0599,TRAIN_0599.mp4,7,1,2
600,TRAIN_0600,TRAIN_0600.mp4,0,1,0
601,TRAIN_0601,TRAIN_0601.mp4,0,1,0
602,TRAIN_0602,TRAIN_0602.mp4,7,1,2
603,TRAIN_0603,TRAIN_0603.mp4,0,1,0
604,TRAIN_0604,TRAIN_0604.mp4,0,1,0
605,TRAIN_0605,TRAIN_0605.mp4,0,1,0
606,TRAIN_0606,TRAIN_0606.mp4,4,1,1
607,TRAIN_0607,TRAIN_0607.mp4,0,1,0
608,TRAIN_0608,TRAIN_0608.mp4,0,1,0
609,TRAIN_0609,TRAIN_0609.mp4,0,1,0
610,TRAIN_0610,TRAIN_0610.mp4,0,1,0
611,TRAIN_0611,TRAIN_0611.mp4,0,1,0
612,TRAIN_0612,TRAIN_0612.mp4,0,1,0
613,TRAIN_0613,TRAIN_0613.mp4,0,1,0
614,TRAIN_0614,TRAIN_0614.mp4,0,1,0
615,TRAIN_0615,TRAIN_0615.mp4,0,1,0
616,TRAIN_0616,TRAIN_0616.mp4,0,1,0
617,TRAIN_0617,TRAIN_0617.mp4,8,0,2
618,TRAIN_0618,TRAIN_0618.mp4,0,1,0
619,TRAIN_0619,TRAIN_0619.mp4,0,1,0
620,TRAIN_0620,TRAIN_0620.mp4,1,1,1
621,TRAIN_0621,TRAIN_0621.mp4,7,1,2
622,TRAIN_0622,TRAIN_0622.mp4,0,1,0
623,TRAIN_0623,TRAIN_0623.mp4,1,1,1
624,TRAIN_0624,TRAIN_0624.mp4,1,1,1
625,TRAIN_0625,TRAIN_0625.mp4,10,1,2
626,TRAIN_0626,TRAIN_0626.mp4,0,1,0
627,TRAIN_0627,TRAIN_0627.mp4,0,1,0
628,TRAIN_0628,TRAIN_0628.mp4,7,1,2
629,TRAIN_0629,TRAIN_0629.mp4,0,1,0
630,TRAIN_0630,TRAIN_0630.mp4,2,1,1
631,TRAIN_0631,TRAIN_0631.mp4,7,1,2
632,TRAIN_0632,TRAIN_0632.mp4,3,1,1
633,TRAIN_0633,TRAIN_0633.mp4,0,1,0
634,TRAIN_0634,TRAIN_0634.mp4,0,1,0
635,TRAIN_0635,TRAIN_0635.mp4,0,1,0
636,TRAIN_0636,TRAIN_0636.mp4,7,1,2
637,TRAIN_0637,TRAIN_0637.mp4,0,1,0
638,TRAIN_0638,TRAIN_0638.mp4,0,1,0
639,TRAIN_0639,TRAIN_0639.mp4,3,1,1
640,TRAIN_0640,TRAIN_0640.mp4,0,1,0
641,TRAIN_0641,TRAIN_0641.mp4,0,1,0
642,TRAIN_0642,TRAIN_0642.mp4,0,1,0
643,TRAIN_0643,TRAIN_0643.mp4,0,1,0
644,TRAIN_0644,TRAIN_0644.mp4,1,1,1
645,TRAIN_0645,TRAIN_0645.mp4,7,1,2
646,TRAIN_0646,TRAIN_0646.mp4,0,1,0
647,TRAIN_0647,TRAIN_0647.mp4,0,1,0
648,TRAIN_0648,TRAIN_0648.mp4,7,1,2
649,TRAIN_0649,TRAIN_0649.mp4,0,1,0
650,TRAIN_0650,TRAIN_0650.mp4,0,1,0
651,TRAIN_0651,TRAIN_0651.mp4,0,1,0
652,TRAIN_0652,TRAIN_0652.mp4,1,1,1
653,TRAIN_0653,TRAIN_0653.mp4,1,1,1
654,TRAIN_0654,TRAIN_0654.mp4,0,1,0
655,TRAIN_0655,TRAIN_0655.mp4,0,1,0
656,TRAIN_0656,TRAIN_0656.mp4,0,1,0
657,TRAIN_0657,TRAIN_0657.mp4,11,1,2
658,TRAIN_0658,TRAIN_0658.mp4,0,1,0
659,TRAIN_0659,TRAIN_0659.mp4,0,1,0
660,TRAIN_0660,TRAIN_0660.mp4,0,1,0
661,TRAIN_0661,TRAIN_0661.mp4,0,1,0
662,TRAIN_0662,TRAIN_0662.mp4,1,1,1
663,TRAIN_0663,TRAIN_0663.mp4,0,1,0
664,TRAIN_0664,TRAIN_0664.mp4,0,1,0
665,TRAIN_0665,TRAIN_0665.mp4,7,1,2
666,TRAIN_0666,TRAIN_0666.mp4,0,1,0
667,TRAIN_0667,TRAIN_0667.mp4,7,1,2
668,TRAIN_0668,TRAIN_0668.mp4,7,1,2
669,TRAIN_0669,TRAIN_0669.mp4,0,1,0
670,TRAIN_0670,TRAIN_0670.mp4,0,1,0
671,TRAIN_0671,TRAIN_0671.mp4,0,1,0
672,TRAIN_0672,TRAIN_0672.mp4,0,1,0
673,TRAIN_0673,TRAIN_0673.mp4,0,1,0
674,TRAIN_0674,TRAIN_0674.mp4,3,1,1
675,TRAIN_0675,TRAIN_0675.mp4,0,1,0
676,TRAIN_0676,TRAIN_0676.mp4,0,1,0
677,TRAIN_0677,TRAIN_0677.mp4,0,1,0
678,TRAIN_0678,TRAIN_0678.mp4,0,1,0
679,TRAIN_0679,TRAIN_0679.mp4,0,1,0
680,TRAIN_0680,TRAIN_0680.mp4,1,1,1
681,TRAIN_0681,TRAIN_0681.mp4,0,1,0
682,TRAIN_0682,TRAIN_0682.mp4,11,1,2
683,TRAIN_0683,TRAIN_0683.mp4,0,1,0
684,TRAIN_0684,TRAIN_0684.mp4,2,1,1
685,TRAIN_0685,TRAIN_0685.mp4,6,1,1
686,TRAIN_0686,TRAIN_0686.mp4,0,1,0
687,TRAIN_0687,TRAIN_0687.mp4,0,1,0
688,TRAIN_0688,TRAIN_0688.mp4,0,1,0
689,TRAIN_0689,TRAIN_0689.mp4,0,1,0
690,TRAIN_0690,TRAIN_0690.mp4,7,1,2
691,TRAIN_0691,TRAIN_0691.mp4,1,1,1
692,TRAIN_0692,TRAIN_0692.mp4,0,1,0
693,TRAIN_0693,TRAIN_0693.mp4,2,1,1
694,TRAIN_0694,TRAIN_0694.mp4,0,1,0
695,TRAIN_0695,TRAIN_0695.mp4,0,1,0
696,TRAIN_0696,TRAIN_0696.mp4,0,1,0
697,TRAIN_0697,TRAIN_0697.mp4,0,1,0
698,TRAIN_0698,TRAIN_0698.mp4,0,1,0
699,TRAIN_0699,TRAIN_0699.mp4,5,1,1
700,TRAIN_0700,TRAIN_0700.mp4,1,1,1
701,TRAIN_0701,TRAIN_0701.mp4,0,1,0
702,TRAIN_0702,TRAIN_0702.mp4,0,1,0
703,TRAIN_0703,TRAIN_0703.mp4,0,1,0
704,TRAIN_0704,TRAIN_0704.mp4,1,1,1
705,TRAIN_0705,TRAIN_0705.mp4,7,1,2
706,TRAIN_0706,TRAIN_0706.mp4,7,1,2
707,TRAIN_0707,TRAIN_0707.mp4,0,1,0
708,TRAIN_0708,TRAIN_0708.mp4,0,1,0
709,TRAIN_0709,TRAIN_0709.mp4,0,1,0
710,TRAIN_0710,TRAIN_0710.mp4,0,1,0
711,TRAIN_0711,TRAIN_0711.mp4,0,1,0
712,TRAIN_0712,TRAIN_0712.mp4,0,1,0
713,TRAIN_0713,TRAIN_0713.mp4,9,1,2
714,TRAIN_0714,TRAIN_0714.mp4,0,1,0
715,TRAIN_0715,TRAIN_0715.mp4,0,1,0
716,TRAIN_0716,TRAIN_0716.mp4,1,1,1
717,TRAIN_0717,TRAIN_0717.mp4,0,1,0
718,TRAIN_0718,TRAIN_0718.mp4,2,1,1
719,TRAIN_0719,TRAIN_0719.mp4,0,1,0
720,TRAIN_0720,TRAIN_0720.mp4,7,1,2
721,TRAIN_0721,TRAIN_0721.mp4,0,1,0
722,TRAIN_0722,TRAIN_0722.mp4,0,1,0
723,TRAIN_0723,TRAIN_0723.mp4,0,1,0
724,TRAIN_0724,TRAIN_0724.mp4,0,1,0
725,TRAIN_0725,TRAIN_0725.mp4,11,1,2
726,TRAIN_0726,TRAIN_0726.mp4,0,1,0
727,TRAIN_0727,TRAIN_0727.mp4,0,1,0
728,TRAIN_0728,TRAIN_0728.mp4,1,1,1
729,TRAIN_0729,TRAIN_0729.mp4,0,1,0
730,TRAIN_0730,TRAIN_0730.mp4,0,1,0
731,TRAIN_0731,TRAIN_0731.mp4,0,1,0
732,TRAIN_0732,TRAIN_0732.mp4,0,1,0
733,TRAIN_0733,TRAIN_0733.mp4,0,1,0
734,TRAIN_0734,TRAIN_0734.mp4,0,1,0
735,TRAIN_0735,TRAIN_0735.mp4,0,1,0
736,TRAIN_0736,TRAIN_0736.mp4,0,1,0
737,TRAIN_0737,TRAIN_0737.mp4,0,1,0
738,TRAIN_0738,TRAIN_0738.mp4,0,1,0
739,TRAIN_0739,TRAIN_0739.mp4,0,1,0
740,TRAIN_0740,TRAIN_0740.mp4,1,1,1
741,TRAIN_0741,TRAIN_0741.mp4,0,1,0
742,TRAIN_0742,TRAIN_0742.mp4,0,1,0
743,TRAIN_0743,TRAIN_0743.mp4,1,1,1
744,TRAIN_0744,TRAIN_0744.mp4,0,1,0
745,TRAIN_0745,TRAIN_0745.mp4,0,1,0
746,TRAIN_0746,TRAIN_0746.mp4,0,1,0
747,TRAIN_0747,TRAIN_0747.mp4,1,1,1
748,TRAIN_0748,TRAIN_0748.mp4,1,1,1
749,TRAIN_0749,TRAIN_0749.mp4,1,1,1
750,TRAIN_0750,TRAIN_0750.mp4,2,1,1
751,TRAIN_0751,TRAIN_0751.mp4,0,1,0
752,TRAIN_0752,TRAIN_0752.mp4,1,1,1
753,TRAIN_0753,TRAIN_0753.mp4,0,1,0
754,TRAIN_0754,TRAIN_0754.mp4,0,1,0
755,TRAIN_0755,TRAIN_0755.mp4,0,1,0
756,TRAIN_0756,TRAIN_0756.mp4,0,1,0
757,TRAIN_0757,TRAIN_0757.mp4,0,1,0
758,TRAIN_0758,TRAIN_0758.mp4,0,1,0
759,TRAIN_0759,TRAIN_0759.mp4,0,1,0
760,TRAIN_0760,TRAIN_0760.mp4,3,1,1
761,TRAIN_0761,TRAIN_0761.mp4,11,2,2
762,TRAIN_0762,TRAIN_0762.mp4,1,1,1
763,TRAIN_0763,TRAIN_0763.mp4,0,1,0
764,TRAIN_0764,TRAIN_0764.mp4,0,1,0
765,TRAIN_0765,TRAIN_0765.mp4,0,1,0
766,TRAIN_0766,TRAIN_0766.mp4,0,1,0
767,TRAIN_0767,TRAIN_0767.mp4,1,1,1
768,TRAIN_0768,TRAIN_0768.mp4,0,1,0
769,TRAIN_0769,TRAIN_0769.mp4,7,1,2
770,TRAIN_0770,TRAIN_0770.mp4,3,1,1
771,TRAIN_0771,TRAIN_0771.mp4,1,1,1
772,TRAIN_0772,TRAIN_0772.mp4,0,1,0
773,TRAIN_0773,TRAIN_0773.mp4,0,1,0
774,TRAIN_0774,TRAIN_0774.mp4,1,1,1
775,TRAIN_0775,TRAIN_0775.mp4,0,1,0
776,TRAIN_0776,TRAIN_0776.mp4,0,1,0
777,TRAIN_0777,TRAIN_0777.mp4,0,1,0
778,TRAIN_0778,TRAIN_0778.mp4,1,1,1
779,TRAIN_0779,TRAIN_0779.mp4,0,1,0
780,TRAIN_0780,TRAIN_0780.mp4,7,1,2
781,TRAIN_0781,TRAIN_0781.mp4,7,1,2
782,TRAIN_0782,TRAIN_0782.mp4,0,1,0
783,TRAIN_0783,TRAIN_0783.mp4,11,2,2
784,TRAIN_0784,TRAIN_0784.mp4,0,1,0
785,TRAIN_0785,TRAIN_0785.mp4,0,1,0
786,TRAIN_0786,TRAIN_0786.mp4,1,1,1
787,TRAIN_0787,TRAIN_0787.mp4,0,1,0
788,TRAIN_0788,TRAIN_0788.mp4,0,1,0
789,TRAIN_0789,TRAIN_0789.mp4,2,2,1
790,TRAIN_0790,TRAIN_0790.mp4,3,1,1
791,TRAIN_0791,TRAIN_0791.mp4,7,1,2
792,TRAIN_0792,TRAIN_0792.mp4,1,1,1
793,TRAIN_0793,TRAIN_0793.mp4,1,1,1
794,TRAIN_0794,TRAIN_0794.mp4,0,1,0
795,TRAIN_0795,TRAIN_0795.mp4,7,1,2
796,TRAIN_0796,TRAIN_0796.mp4,0,1,0
797,TRAIN_0797,TRAIN_0797.mp4,0,1,0
798,TRAIN_0798,TRAIN_0798.mp4,0,1,0
799,TRAIN_0799,TRAIN_0799.mp4,7,1,2
800,TRAIN_0800,TRAIN_0800.mp4,7,1,2
801,TRAIN_0801,TRAIN_0801.mp4,0,1,0
802,TRAIN_0802,TRAIN_0802.mp4,1,1,1
803,TRAIN_0803,TRAIN_0803.mp4,9,1,2
804,TRAIN_0804,TRAIN_0804.mp4,7,1,2
805,TRAIN_0805,TRAIN_0805.mp4,8,1,2
806,TRAIN_0806,TRAIN_0806.mp4,0,1,0
807,TRAIN_0807,TRAIN_0807.mp4,7,1,2
808,TRAIN_0808,TRAIN_0808.mp4,0,1,0
809,TRAIN_0809,TRAIN_0809.mp4,5,1,1
810,TRAIN_0810,TRAIN_0810.mp4,0,1,0
811,TRAIN_0811,TRAIN_0811.mp4,0,1,0
812,TRAIN_0812,TRAIN_0812.mp4,0,1,0
813,TRAIN_0813,TRAIN_0813.mp4,0,1,0
814,TRAIN_0814,TRAIN_0814.mp4,0,1,0
815,TRAIN_0815,TRAIN_0815.mp4,11,2,2
816,TRAIN_0816,TRAIN_0816.mp4,0,1,0
817,TRAIN_0817,TRAIN_0817.mp4,7,1,2
818,TRAIN_0818,TRAIN_0818.mp4,0,1,0
819,TRAIN_0819,TRAIN_0819.mp4,0,1,0
820,TRAIN_0820,TRAIN_0820.mp4,1,1,1
821,TRAIN_0821,TRAIN_0821.mp4,0,1,0
822,TRAIN_0822,TRAIN_0822.mp4,0,1,0
823,TRAIN_0823,TRAIN_0823.mp4,0,1,0
824,TRAIN_0824,TRAIN_0824.mp4,0,1,0
825,TRAIN_0825,TRAIN_0825.mp4,0,1,0
826,TRAIN_0826,TRAIN_0826.mp4,0,1,0
827,TRAIN_0827,TRAIN_0827.mp4,0,1,0
828,TRAIN_0828,TRAIN_0828.mp4,0,1,0
829,TRAIN_0829,TRAIN_0829.mp4,0,1,0
830,TRAIN_0830,TRAIN_0830.mp4,0,1,0
831,TRAIN_0831,TRAIN_0831.mp4,7,1,2
832,TRAIN_0832,TRAIN_0832.mp4,1,1,1
833,TRAIN_0833,TRAIN_0833.mp4,0,1,0
834,TRAIN_0834,TRAIN_0834.mp4,0,1,0
835,TRAIN_0835,TRAIN_0835.mp4,0,1,0
836,TRAIN_0836,TRAIN_0836.mp4,0,1,0
837,TRAIN_0837,TRAIN_0837.mp4,0,1,0
838,TRAIN_0838,TRAIN_0838.mp4,7,1,2
839,TRAIN_0839,TRAIN_0839.mp4,0,1,0
840,TRAIN_0840,TRAIN_0840.mp4,0,1,0
841,TRAIN_0841,TRAIN_0841.mp4,0,1,0
842,TRAIN_0842,TRAIN_0842.mp4,0,1,0
843,TRAIN_0843,TRAIN_0843.mp4,0,1,0
844,TRAIN_0844,TRAIN_0844.mp4,0,1,0
845,TRAIN_0845,TRAIN_0845.mp4,0,1,0
846,TRAIN_0846,TRAIN_0846.mp4,5,1,1
847,TRAIN_0847,TRAIN_0847.mp4,0,1,0
848,TRAIN_0848,TRAIN_0848.mp4,7,1,2
849,TRAIN_0849,TRAIN_0849.mp4,0,1,0
850,TRAIN_0850,TRAIN_0850.mp4,3,1,1
851,TRAIN_0851,TRAIN_0851.mp4,0,1,0
852,TRAIN_0852,TRAIN_0852.mp4,0,1,0
853,TRAIN_0853,TRAIN_0853.mp4,0,1,0
854,TRAIN_0854,TRAIN_0854.mp4,0,1,0
855,TRAIN_0855,TRAIN_0855.mp4,0,1,0
856,TRAIN_0856,TRAIN_0856.mp4,2,2,1
857,TRAIN_0857,TRAIN_0857.mp4,0,1,0
858,TRAIN_0858,TRAIN_0858.mp4,7,1,2
859,TRAIN_0859,TRAIN_0859.mp4,0,1,0
860,TRAIN_0860,TRAIN_0860.mp4,0,1,0
861,TRAIN_0861,TRAIN_0861.mp4,1,1,1
862,TRAIN_0862,TRAIN_0862.mp4,3,1,1
863,TRAIN_0863,TRAIN_0863.mp4,9,1,2
864,TRAIN_0864,TRAIN_0864.mp4,0,1,0
865,TRAIN_0865,TRAIN_0865.mp4,0,1,0
866,TRAIN_0866,TRAIN_0866.mp4,1,1,1
867,TRAIN_0867,TRAIN_0867.mp4,0,1,0
868,TRAIN_0868,TRAIN_0868.mp4,0,1,0
869,TRAIN_0869,TRAIN_0869.mp4,0,1,0
870,TRAIN_0870,TRAIN_0870.mp4,0,1,0
871,TRAIN_0871,TRAIN_0871.mp4,0,1,0
872,TRAIN_0872,TRAIN_0872.mp4,5,1,1
873,TRAIN_0873,TRAIN_0873.mp4,8,1,2
874,TRAIN_0874,TRAIN_0874.mp4,0,1,0
875,TRAIN_0875,TRAIN_0875.mp4,1,1,1
876,TRAIN_0876,TRAIN_0876.mp4,0,1,0
877,TRAIN_0877,TRAIN_0877.mp4,8,1,2
878,TRAIN_0878,TRAIN_0878.mp4,1,1,1
879,TRAIN_0879,TRAIN_0879.mp4,0,1,0
880,TRAIN_0880,TRAIN_0880.mp4,0,1,0
881,TRAIN_0881,TRAIN_0881.mp4,0,1,0
882,TRAIN_0882,TRAIN_0882.mp4,0,1,0
883,TRAIN_0883,TRAIN_0883.mp4,0,1,0
884,TRAIN_0884,TRAIN_0884.mp4,0,2,0
885,TRAIN_0885,TRAIN_0885.mp4,7,1,2
886,TRAIN_0886,TRAIN_0886.mp4,0,2,0
887,TRAIN_0887,TRAIN_0887.mp4,0,2,0
888,TRAIN_0888,TRAIN_0888.mp4,0,2,0
889,TRAIN_0889,TRAIN_0889.mp4,1,1,1
890,TRAIN_0890,TRAIN_0890.mp4,7,1,2
891,TRAIN_0891,TRAIN_0891.mp4,0,2,0
892,TRAIN_0892,TRAIN_0892.mp4,7,1,2
893,TRAIN_0893,TRAIN_0893.mp4,0,2,0
894,TRAIN_0894,TRAIN_0894.mp4,0,2,0
895,TRAIN_0895,TRAIN_0895.mp4,0,2,0
896,TRAIN_0896,TRAIN_0896.mp4,1,1,1
897,TRAIN_0897,TRAIN_0897.mp4,1,1,1
898,TRAIN_0898,TRAIN_0898.mp4,0,2,0
899,TRAIN_0899,TRAIN_0899.mp4,1,1,1
900,TRAIN_0900,TRAIN_0900.mp4,0,2,0
901,TRAIN_0901,TRAIN_0901.mp4,1,1,1
902,TRAIN_0902,TRAIN_0902.mp4,1,1,1
903,TRAIN_0903,TRAIN_0903.mp4,11,2,2
904,TRAIN_0904,TRAIN_0904.mp4,0,2,0
905,TRAIN_0905,TRAIN_0905.mp4,0,2,0
906,TRAIN_0906,TRAIN_0906.mp4,5,2,1
907,TRAIN_0907,TRAIN_0907.mp4,0,2,0
908,TRAIN_0908,TRAIN_0908.mp4,0,2,0
909,TRAIN_0909,TRAIN_0909.mp4,0,2,0
910,TRAIN_0910,TRAIN_0910.mp4,0,2,0
911,TRAIN_0911,TRAIN_0911.mp4,0,2,0
912,TRAIN_0912,TRAIN_0912.mp4,0,2,0
913,TRAIN_0913,TRAIN_0913.mp4,0,2,0
914,TRAIN_0914,TRAIN_0914.mp4,0,2,0
915,TRAIN_0915,TRAIN_0915.mp4,0,2,0
916,TRAIN_0916,TRAIN_0916.mp4,0,2,0
917,TRAIN_0917,TRAIN_0917.mp4,1,2,1
918,TRAIN_0918,TRAIN_0918.mp4,0,2,0
919,TRAIN_0919,TRAIN_0919.mp4,0,2,0
920,TRAIN_0920,TRAIN_0920.mp4,1,2,1
921,TRAIN_0921,TRAIN_0921.mp4,0,2,0
922,TRAIN_0922,TRAIN_0922.mp4,0,2,0
923,TRAIN_0923,TRAIN_0923.mp4,0,2,0
924,TRAIN_0924,TRAIN_0924.mp4,0,2,0
925,TRAIN_0925,TRAIN_0925.mp4,0,2,0
926,TRAIN_0926,TRAIN_0926.mp4,3,1,1
927,TRAIN_0927,TRAIN_0927.mp4,0,2,0
928,TRAIN_0928,TRAIN_0928.mp4,0,2,0
929,TRAIN_0929,TRAIN_0929.mp4,7,1,2
930,TRAIN_0930,TRAIN_0930.mp4,0,2,0
931,TRAIN_0931,TRAIN_0931.mp4,7,1,2
932,TRAIN_0932,TRAIN_0932.mp4,0,2,0
933,TRAIN_0933,TRAIN_0933.mp4,1,2,1
934,TRAIN_0934,TRAIN_0934.mp4,0,2,0
935,TRAIN_0935,TRAIN_0935.mp4,0,2,0
936,TRAIN_0936,TRAIN_0936.mp4,3,1,1
937,TRAIN_0937,TRAIN_0937.mp4,0,2,0
938,TRAIN_0938,TRAIN_0938.mp4,0,2,0
939,TRAIN_0939,TRAIN_0939.mp4,0,2,0
940,TRAIN_0940,TRAIN_0940.mp4,0,2,0
941,TRAIN_0941,TRAIN_0941.mp4,1,2,1
942,TRAIN_0942,TRAIN_0942.mp4,0,2,0
943,TRAIN_0943,TRAIN_0943.mp4,7,2,2
944,TRAIN_0944,TRAIN_0944.mp4,0,2,0
945,TRAIN_0945,TRAIN_0945.mp4,0,2,0
946,TRAIN_0946,TRAIN_0946.mp4,7,2,2
947,TRAIN_0947,TRAIN_0947.mp4,0,2,0
948,TRAIN_0948,TRAIN_0948.mp4,1,2,1
949,TRAIN_0949,TRAIN_0949.mp4,0,2,0
950,TRAIN_0950,TRAIN_0950.mp4,0,2,0
951,TRAIN_0951,TRAIN_0951.mp4,0,2,0
952,TRAIN_0952,TRAIN_0952.mp4,0,2,0
953,TRAIN_0953,TRAIN_0953.mp4,0,2,0
954,TRAIN_0954,TRAIN_0954.mp4,0,2,0
955,TRAIN_0955,TRAIN_0955.mp4,0,2,0
956,TRAIN_0956,TRAIN_0956.mp4,0,2,0
957,TRAIN_0957,TRAIN_0957.mp4,1,2,1
958,TRAIN_0958,TRAIN_0958.mp4,0,2,0
959,TRAIN_0959,TRAIN_0959.mp4,1,2,1
960,TRAIN_0960,TRAIN_0960.mp4,0,2,0
961,TRAIN_0961,TRAIN_0961.mp4,0,2,0
962,TRAIN_0962,TRAIN_0962.mp4,0,2,0
963,TRAIN_0963,TRAIN_0963.mp4,0,2,0
964,TRAIN_0964,TRAIN_0964.mp4,1,2,1
965,TRAIN_0965,TRAIN_0965.mp4,0,2,0
966,TRAIN_0966,TRAIN_0966.mp4,0,2,0
967,TRAIN_0967,TRAIN_0967.mp4,0,2,0
968,TRAIN_0968,TRAIN_0968.mp4,0,2,0
969,TRAIN_0969,TRAIN_0969.mp4,5,2,1
970,TRAIN_0970,TRAIN_0970.mp4,7,2,2
971,TRAIN_0971,TRAIN_0971.mp4,0,2,0
972,TRAIN_0972,TRAIN_0972.mp4,0,2,0
973,TRAIN_0973,TRAIN_0973.mp4,7,2,2
974,TRAIN_0974,TRAIN_0974.mp4,0,2,0
975,TRAIN_0975,TRAIN_0975.mp4,7,2,2
976,TRAIN_0976,TRAIN_0976.mp4,0,2,0
977,TRAIN_0977,TRAIN_0977.mp4,0,2,0
978,TRAIN_0978,TRAIN_0978.mp4,2,2,1
979,TRAIN_0979,TRAIN_0979.mp4,8,1,2
980,TRAIN_0980,TRAIN_0980.mp4,0,2,0
981,TRAIN_0981,TRAIN_0981.mp4,0,2,0
982,TRAIN_0982,TRAIN_0982.mp4,0,2,0
983,TRAIN_0983,TRAIN_0983.mp4,0,2,0
984,TRAIN_0984,TRAIN_0984.mp4,0,2,0
985,TRAIN_0985,TRAIN_0985.mp4,0,2,0
986,TRAIN_0986,TRAIN_0986.mp4,0,2,0
987,TRAIN_0987,TRAIN_0987.mp4,0,2,0
988,TRAIN_0988,TRAIN_0988.mp4,0,2,0
989,TRAIN_0989,TRAIN_0989.mp4,0,2,0
990,TRAIN_0990,TRAIN_0990.mp4,0,2,0
991,TRAIN_0991,TRAIN_0991.mp4,11,2,2
992,TRAIN_0992,TRAIN_0992.mp4,0,2,0
993,TRAIN_0993,TRAIN_0993.mp4,0,2,0
994,TRAIN_0994,TRAIN_0994.mp4,11,3,2
995,TRAIN_0995,TRAIN_0995.mp4,7,2,2
996,TRAIN_0996,TRAIN_0996.mp4,7,2,2
997,TRAIN_0997,TRAIN_0997.mp4,0,2,0
998,TRAIN_0998,TRAIN_0998.mp4,0,2,0
999,TRAIN_0999,TRAIN_0999.mp4,1,2,1
1000,TRAIN_1000,TRAIN_1000.mp4,7,2,2
1001,TRAIN_1001,TRAIN_1001.mp4,3,1,1
1002,TRAIN_1002,TRAIN_1002.mp4,0,2,0
1003,TRAIN_1003,TRAIN_1003.mp4,1,2,1
1004,TRAIN_1004,TRAIN_1004.mp4,1,2,1
1005,TRAIN_1005,TRAIN_1005.mp4,0,2,0
1006,TRAIN_1006,TRAIN_1006.mp4,1,2,1
1007,TRAIN_1007,TRAIN_1007.mp4,1,2,1
1008,TRAIN_1008,TRAIN_1008.mp4,0,2,0
1009,TRAIN_1009,TRAIN_1009.mp4,9,1,2
1010,TRAIN_1010,TRAIN_1010.mp4,0,2,0
1011,TRAIN_1011,TRAIN_1011.mp4,0,2,0
1012,TRAIN_1012,TRAIN_1012.mp4,0,2,0
1013,TRAIN_1013,TRAIN_1013.mp4,0,2,0
1014,TRAIN_1014,TRAIN_1014.mp4,7,2,2
1015,TRAIN_1015,TRAIN_1015.mp4,2,2,1
1016,TRAIN_1016,TRAIN_1016.mp4,1,2,1
1017,TRAIN_1017,TRAIN_1017.mp4,7,2,2
1018,TRAIN_1018,TRAIN_1018.mp4,1,2,1
1019,TRAIN_1019,TRAIN_1019.mp4,0,2,0
1020,TRAIN_1020,TRAIN_1020.mp4,0,2,0
1021,TRAIN_1021,TRAIN_1021.mp4,0,2,0
1022,TRAIN_1022,TRAIN_1022.mp4,0,2,0
1023,TRAIN_1023,TRAIN_1023.mp4,8,1,2
1024,TRAIN_1024,TRAIN_1024.mp4,0,2,0
1025,TRAIN_1025,TRAIN_1025.mp4,0,2,0
1026,TRAIN_1026,TRAIN_1026.mp4,0,2,0
1027,TRAIN_1027,TRAIN_1027.mp4,12,0,2
1028,TRAIN_1028,TRAIN_1028.mp4,0,2,0
1029,TRAIN_1029,TRAIN_1029.mp4,0,2,0
1030,TRAIN_1030,TRAIN_1030.mp4,0,2,0
1031,TRAIN_1031,TRAIN_1031.mp4,0,2,0
1032,TRAIN_1032,TRAIN_1032.mp4,0,2,0
1033,TRAIN_1033,TRAIN_1033.mp4,0,2,0
1034,TRAIN_1034,TRAIN_1034.mp4,1,2,1
1035,TRAIN_1035,TRAIN_1035.mp4,0,2,0
1036,TRAIN_1036,TRAIN_1036.mp4,0,2,0
1037,TRAIN_1037,TRAIN_1037.mp4,0,2,0
1038,TRAIN_1038,TRAIN_1038.mp4,0,2,0
1039,TRAIN_1039,TRAIN_1039.mp4,0,2,0
1040,TRAIN_1040,TRAIN_1040.mp4,0,2,0
1041,TRAIN_1041,TRAIN_1041.mp4,7,2,2
1042,TRAIN_1042,TRAIN_1042.mp4,0,2,0
1043,TRAIN_1043,TRAIN_1043.mp4,0,2,0
1044,TRAIN_1044,TRAIN_1044.mp4,0,2,0
1045,TRAIN_1045,TRAIN_1045.mp4,0,2,0
1046,TRAIN_1046,TRAIN_1046.mp4,0,2,0
1047,TRAIN_1047,TRAIN_1047.mp4,1,2,1
1048,TRAIN_1048,TRAIN_1048.mp4,0,2,0
1049,TRAIN_1049,TRAIN_1049.mp4,7,2,2
1050,TRAIN_1050,TRAIN_1050.mp4,3,1,1
1051,TRAIN_1051,TRAIN_1051.mp4,0,2,0
1052,TRAIN_1052,TRAIN_1052.mp4,7,2,2
1053,TRAIN_1053,TRAIN_1053.mp4,0,2,0
1054,TRAIN_1054,TRAIN_1054.mp4,0,2,0
1055,TRAIN_1055,TRAIN_1055.mp4,0,2,0
1056,TRAIN_1056,TRAIN_1056.mp4,0,2,0
1057,TRAIN_1057,TRAIN_1057.mp4,0,2,0
1058,TRAIN_1058,TRAIN_1058.mp4,0,2,0
1059,TRAIN_1059,TRAIN_1059.mp4,0,2,0
1060,TRAIN_1060,TRAIN_1060.mp4,8,2,2
1061,TRAIN_1061,TRAIN_1061.mp4,2,2,1
1062,TRAIN_1062,TRAIN_1062.mp4,0,2,0
1063,TRAIN_1063,TRAIN_1063.mp4,0,2,0
1064,TRAIN_1064,TRAIN_1064.mp4,0,2,0
1065,TRAIN_1065,TRAIN_1065.mp4,0,2,0
1066,TRAIN_1066,TRAIN_1066.mp4,0,2,0
1067,TRAIN_1067,TRAIN_1067.mp4,1,2,1
1068,TRAIN_1068,TRAIN_1068.mp4,7,2,2
1069,TRAIN_1069,TRAIN_1069.mp4,0,2,0
1070,TRAIN_1070,TRAIN_1070.mp4,1,2,1
1071,TRAIN_1071,TRAIN_1071.mp4,0,2,0
1072,TRAIN_1072,TRAIN_1072.mp4,0,2,0
1073,TRAIN_1073,TRAIN_1073.mp4,0,2,0
1074,TRAIN_1074,TRAIN_1074.mp4,0,2,0
1075,TRAIN_1075,TRAIN_1075.mp4,0,2,0
1076,TRAIN_1076,TRAIN_1076.mp4,1,2,1
1077,TRAIN_1077,TRAIN_1077.mp4,0,2,0
1078,TRAIN_1078,TRAIN_1078.mp4,0,2,0
1079,TRAIN_1079,TRAIN_1079.mp4,0,2,0
1080,TRAIN_1080,TRAIN_1080.mp4,0,2,0
1081,TRAIN_1081,TRAIN_1081.mp4,2,2,1
1082,TRAIN_1082,TRAIN_1082.mp4,7,2,2
1083,TRAIN_1083,TRAIN_1083.mp4,0,2,0
1084,TRAIN_1084,TRAIN_1084.mp4,0,2,0
1085,TRAIN_1085,TRAIN_1085.mp4,0,2,0
1086,TRAIN_1086,TRAIN_1086.mp4,7,2,2
1087,TRAIN_1087,TRAIN_1087.mp4,0,2,0
1088,TRAIN_1088,TRAIN_1088.mp4,0,2,0
1089,TRAIN_1089,TRAIN_1089.mp4,0,2,0
1090,TRAIN_1090,TRAIN_1090.mp4,0,2,0
1091,TRAIN_1091,TRAIN_1091.mp4,0,2,0
1092,TRAIN_1092,TRAIN_1092.mp4,0,2,0
1093,TRAIN_1093,TRAIN_1093.mp4,0,2,0
1094,TRAIN_1094,TRAIN_1094.mp4,0,2,0
1095,TRAIN_1095,TRAIN_1095.mp4,7,2,2
1096,TRAIN_1096,TRAIN_1096.mp4,0,2,0
1097,TRAIN_1097,TRAIN_1097.mp4,0,2,0
1098,TRAIN_1098,TRAIN_1098.mp4,1,2,1
1099,TRAIN_1099,TRAIN_1099.mp4,0,2,0
1100,TRAIN_1100,TRAIN_1100.mp4,3,2,1
1101,TRAIN_1101,TRAIN_1101.mp4,9,1,2
1102,TRAIN_1102,TRAIN_1102.mp4,7,2,2
1103,TRAIN_1103,TRAIN_1103.mp4,7,2,2
1104,TRAIN_1104,TRAIN_1104.mp4,0,2,0
1105,TRAIN_1105,TRAIN_1105.mp4,0,2,0
1106,TRAIN_1106,TRAIN_1106.mp4,0,2,0
1107,TRAIN_1107,TRAIN_1107.mp4,0,2,0
1108,TRAIN_1108,TRAIN_1108.mp4,0,2,0
1109,TRAIN_1109,TRAIN_1109.mp4,0,2,0
1110,TRAIN_1110,TRAIN_1110.mp4,0,2,0
1111,TRAIN_1111,TRAIN_1111.mp4,0,2,0
1112,TRAIN_1112,TRAIN_1112.mp4,0,2,0
1113,TRAIN_1113,TRAIN_1113.mp4,0,2,0
1114,TRAIN_1114,TRAIN_1114.mp4,0,2,0
1115,TRAIN_1115,TRAIN_1115.mp4,7,2,2
1116,TRAIN_1116,TRAIN_1116.mp4,7,2,2
1117,TRAIN_1117,TRAIN_1117.mp4,0,2,0
1118,TRAIN_1118,TRAIN_1118.mp4,7,2,2
1119,TRAIN_1119,TRAIN_1119.mp4,0,2,0
1120,TRAIN_1120,TRAIN_1120.mp4,1,2,1
1121,TRAIN_1121,TRAIN_1121.mp4,0,2,0
1122,TRAIN_1122,TRAIN_1122.mp4,0,2,0
1123,TRAIN_1123,TRAIN_1123.mp4,0,2,0
1124,TRAIN_1124,TRAIN_1124.mp4,0,2,0
1125,TRAIN_1125,TRAIN_1125.mp4,0,2,0
1126,TRAIN_1126,TRAIN_1126.mp4,7,2,2
1127,TRAIN_1127,TRAIN_1127.mp4,7,2,2
1128,TRAIN_1128,TRAIN_1128.mp4,0,2,0
1129,TRAIN_1129,TRAIN_1129.mp4,0,2,0
1130,TRAIN_1130,TRAIN_1130.mp4,0,2,0
1131,TRAIN_1131,TRAIN_1131.mp4,0,2,0
1132,TRAIN_1132,TRAIN_1132.mp4,0,2,0
1133,TRAIN_1133,TRAIN_1133.mp4,11,3,2
1134,TRAIN_1134,TRAIN_1134.mp4,0,2,0
1135,TRAIN_1135,TRAIN_1135.mp4,0,2,0
1136,TRAIN_1136,TRAIN_1136.mp4,7,2,2
1137,TRAIN_1137,TRAIN_1137.mp4,0,2,0
1138,TRAIN_1138,TRAIN_1138.mp4,0,2,0
1139,TRAIN_1139,TRAIN_1139.mp4,0,2,0
1140,TRAIN_1140,TRAIN_1140.mp4,0,2,0
1141,TRAIN_1141,TRAIN_1141.mp4,1,2,1
1142,TRAIN_1142,TRAIN_1142.mp4,0,2,0
1143,TRAIN_1143,TRAIN_1143.mp4,0,2,0
1144,TRAIN_1144,TRAIN_1144.mp4,0,2,0
1145,TRAIN_1145,TRAIN_1145.mp4,0,2,0
1146,TRAIN_1146,TRAIN_1146.mp4,0,2,0
1147,TRAIN_1147,TRAIN_1147.mp4,3,2,1
1148,TRAIN_1148,TRAIN_1148.mp4,7,2,2
1149,TRAIN_1149,TRAIN_1149.mp4,0,2,0
1150,TRAIN_1150,TRAIN_1150.mp4,0,2,0
1151,TRAIN_1151,TRAIN_1151.mp4,7,2,2
1152,TRAIN_1152,TRAIN_1152.mp4,7,2,2
1153,TRAIN_1153,TRAIN_1153.mp4,7,2,2
1154,TRAIN_1154,TRAIN_1154.mp4,0,2,0
1155,TRAIN_1155,TRAIN_1155.mp4,0,2,0
1156,TRAIN_1156,TRAIN_1156.mp4,9,2,2
1157,TRAIN_1157,TRAIN_1157.mp4,0,2,0
1158,TRAIN_1158,TRAIN_1158.mp4,0,2,0
1159,TRAIN_1159,TRAIN_1159.mp4,7,2,2
1160,TRAIN_1160,TRAIN_1160.mp4,1,2,1
1161,TRAIN_1161,TRAIN_1161.mp4,1,2,1
1162,TRAIN_1162,TRAIN_1162.mp4,1,2,1
1163,TRAIN_1163,TRAIN_1163.mp4,7,2,2
1164,TRAIN_1164,TRAIN_1164.mp4,1,2,1
1165,TRAIN_1165,TRAIN_1165.mp4,0,2,0
1166,TRAIN_1166,TRAIN_1166.mp4,8,2,2
1167,TRAIN_1167,TRAIN_1167.mp4,1,2,1
1168,TRAIN_1168,TRAIN_1168.mp4,1,2,1
1169,TRAIN_1169,TRAIN_1169.mp4,1,2,1
1170,TRAIN_1170,TRAIN_1170.mp4,0,2,0
1171,TRAIN_1171,TRAIN_1171.mp4,0,2,0
1172,TRAIN_1172,TRAIN_1172.mp4,1,2,1
1173,TRAIN_1173,TRAIN_1173.mp4,5,2,1
1174,TRAIN_1174,TRAIN_1174.mp4,0,2,0
1175,TRAIN_1175,TRAIN_1175.mp4,1,2,1
1176,TRAIN_1176,TRAIN_1176.mp4,0,2,0
1177,TRAIN_1177,TRAIN_1177.mp4,3,2,1
1178,TRAIN_1178,TRAIN_1178.mp4,7,2,2
1179,TRAIN_1179,TRAIN_1179.mp4,2,2,1
1180,TRAIN_1180,TRAIN_1180.mp4,1,2,1
1181,TRAIN_1181,TRAIN_1181.mp4,0,2,0
1182,TRAIN_1182,TRAIN_1182.mp4,7,2,2
1183,TRAIN_1183,TRAIN_1183.mp4,0,2,0
1184,TRAIN_1184,TRAIN_1184.mp4,0,2,0
1185,TRAIN_1185,TRAIN_1185.mp4,0,2,0
1186,TRAIN_1186,TRAIN_1186.mp4,0,2,0
1187,TRAIN_1187,TRAIN_1187.mp4,0,2,0
1188,TRAIN_1188,TRAIN_1188.mp4,0,2,0
1189,TRAIN_1189,TRAIN_1189.mp4,0,2,0
1190,TRAIN_1190,TRAIN_1190.mp4,0,2,0
1191,TRAIN_1191,TRAIN_1191.mp4,3,2,1
1192,TRAIN_1192,TRAIN_1192.mp4,7,2,2
1193,TRAIN_1193,TRAIN_1193.mp4,1,2,1
1194,TRAIN_1194,TRAIN_1194.mp4,0,2,0
1195,TRAIN_1195,TRAIN_1195.mp4,0,2,0
1196,TRAIN_1196,TRAIN_1196.mp4,0,2,0
1197,TRAIN_1197,TRAIN_1197.mp4,1,2,1
1198,TRAIN_1198,TRAIN_1198.mp4,7,2,2
1199,TRAIN_1199,TRAIN_1199.mp4,7,2,2
1200,TRAIN_1200,TRAIN_1200.mp4,0,2,0
1201,TRAIN_1201,TRAIN_1201.mp4,2,2,1
1202,TRAIN_1202,TRAIN_1202.mp4,5,2,1
1203,TRAIN_1203,TRAIN_1203.mp4,1,2,1
1204,TRAIN_1204,TRAIN_1204.mp4,1,2,1
1205,TRAIN_1205,TRAIN_1205.mp4,0,2,0
1206,TRAIN_1206,TRAIN_1206.mp4,0,2,0
1207,TRAIN_1207,TRAIN_1207.mp4,0,2,0
1208,TRAIN_1208,TRAIN_1208.mp4,7,2,2
1209,TRAIN_1209,TRAIN_1209.mp4,3,2,1
1210,TRAIN_1210,TRAIN_1210.mp4,0,2,0
1211,TRAIN_1211,TRAIN_1211.mp4,0,2,0
1212,TRAIN_1212,TRAIN_1212.mp4,0,2,0
1213,TRAIN_1213,TRAIN_1213.mp4,1,2,1
1214,TRAIN_1214,TRAIN_1214.mp4,0,2,0
1215,TRAIN_1215,TRAIN_1215.mp4,0,2,0
1216,TRAIN_1216,TRAIN_1216.mp4,0,2,0
1217,TRAIN_1217,TRAIN_1217.mp4,0,2,0
1218,TRAIN_1218,TRAIN_1218.mp4,0,2,0
1219,TRAIN_1219,TRAIN_1219.mp4,0,2,0
1220,TRAIN_1220,TRAIN_1220.mp4,0,2,0
1221,TRAIN_1221,TRAIN_1221.mp4,1,2,1
1222,TRAIN_1222,TRAIN_1222.mp4,0,2,0
1223,TRAIN_1223,TRAIN_1223.mp4,7,2,2
1224,TRAIN_1224,TRAIN_1224.mp4,1,2,1
1225,TRAIN_1225,TRAIN_1225.mp4,0,2,0
1226,TRAIN_1226,TRAIN_1226.mp4,0,2,0
1227,TRAIN_1227,TRAIN_1227.mp4,7,2,2
1228,TRAIN_1228,TRAIN_1228.mp4,7,2,2
1229,TRAIN_1229,TRAIN_1229.mp4,0,2,0
1230,TRAIN_1230,TRAIN_1230.mp4,0,2,0
1231,TRAIN_1231,TRAIN_1231.mp4,0,2,0
1232,TRAIN_1232,TRAIN_1232.mp4,1,2,1
1233,TRAIN_1233,TRAIN_1233.mp4,0,2,0
1234,TRAIN_1234,TRAIN_1234.mp4,0,2,0
1235,TRAIN_1235,TRAIN_1235.mp4,0,2,0
1236,TRAIN_1236,TRAIN_1236.mp4,0,2,0
1237,TRAIN_1237,TRAIN_1237.mp4,0,2,0
1238,TRAIN_1238,TRAIN_1238.mp4,0,2,0
1239,TRAIN_1239,TRAIN_1239.mp4,7,2,2
1240,TRAIN_1240,TRAIN_1240.mp4,0,2,0
1241,TRAIN_1241,TRAIN_1241.mp4,0,2,0
1242,TRAIN_1242,TRAIN_1242.mp4,0,2,0
1243,TRAIN_1243,TRAIN_1243.mp4,0,2,0
1244,TRAIN_1244,TRAIN_1244.mp4,9,2,2
1245,TRAIN_1245,TRAIN_1245.mp4,0,2,0
1246,TRAIN_1246,TRAIN_1246.mp4,0,2,0
1247,TRAIN_1247,TRAIN_1247.mp4,0,2,0
1248,TRAIN_1248,TRAIN_1248.mp4,0,2,0
1249,TRAIN_1249,TRAIN_1249.mp4,0,2,0
1250,TRAIN_1250,TRAIN_1250.mp4,0,2,0
1251,TRAIN_1251,TRAIN_1251.mp4,1,2,1
1252,TRAIN_1252,TRAIN_1252.mp4,0,2,0
1253,TRAIN_1253,TRAIN_1253.mp4,1,2,1
1254,TRAIN_1254,TRAIN_1254.mp4,0,2,0
1255,TRAIN_1255,TRAIN_1255.mp4,1,2,1
1256,TRAIN_1256,TRAIN_1256.mp4,0,2,0
1257,TRAIN_1257,TRAIN_1257.mp4,1,2,1
1258,TRAIN_1258,TRAIN_1258.mp4,0,2,0
1259,TRAIN_1259,TRAIN_1259.mp4,0,2,0
1260,TRAIN_1260,TRAIN_1260.mp4,0,2,0
1261,TRAIN_1261,TRAIN_1261.mp4,0,2,0
1262,TRAIN_1262,TRAIN_1262.mp4,0,2,0
1263,TRAIN_1263,TRAIN_1263.mp4,2,2,1
1264,TRAIN_1264,TRAIN_1264.mp4,0,2,0
1265,TRAIN_1265,TRAIN_1265.mp4,1,2,1
1266,TRAIN_1266,TRAIN_1266.mp4,7,2,2
1267,TRAIN_1267,TRAIN_1267.mp4,9,2,2
1268,TRAIN_1268,TRAIN_1268.mp4,0,2,0
1269,TRAIN_1269,TRAIN_1269.mp4,0,2,0
1270,TRAIN_1270,TRAIN_1270.mp4,1,2,1
1271,TRAIN_1271,TRAIN_1271.mp4,7,2,2
1272,TRAIN_1272,TRAIN_1272.mp4,0,2,0
1273,TRAIN_1273,TRAIN_1273.mp4,0,2,0
1274,TRAIN_1274,TRAIN_1274.mp4,7,2,2
1275,TRAIN_1275,TRAIN_1275.mp4,0,2,0
1276,TRAIN_1276,TRAIN_1276.mp4,0,2,0
1277,TRAIN_1277,TRAIN_1277.mp4,0,2,0
1278,TRAIN_1278,TRAIN_1278.mp4,0,2,0
1279,TRAIN_1279,TRAIN_1279.mp4,0,2,0
1280,TRAIN_1280,TRAIN_1280.mp4,7,2,2
1281,TRAIN_1281,TRAIN_1281.mp4,1,2,1
1282,TRAIN_1282,TRAIN_1282.mp4,0,2,0
1283,TRAIN_1283,TRAIN_1283.mp4,0,2,0
1284,TRAIN_1284,TRAIN_1284.mp4,0,2,0
1285,TRAIN_1285,TRAIN_1285.mp4,0,2,0
1286,TRAIN_1286,TRAIN_1286.mp4,0,2,0
1287,TRAIN_1287,TRAIN_1287.mp4,7,2,2
1288,TRAIN_1288,TRAIN_1288.mp4,7,2,2
1289,TRAIN_1289,TRAIN_1289.mp4,0,2,0
1290,TRAIN_1290,TRAIN_1290.mp4,0,2,0
1291,TRAIN_1291,TRAIN_1291.mp4,11,3,2
1292,TRAIN_1292,TRAIN_1292.mp4,7,2,2
1293,TRAIN_1293,TRAIN_1293.mp4,0,2,0
1294,TRAIN_1294,TRAIN_1294.mp4,0,2,0
1295,TRAIN_1295,TRAIN_1295.mp4,0,2,0
1296,TRAIN_1296,TRAIN_1296.mp4,0,2,0
1297,TRAIN_1297,TRAIN_1297.mp4,7,2,2
1298,TRAIN_1298,TRAIN_1298.mp4,0,2,0
1299,TRAIN_1299,TRAIN_1299.mp4,0,2,0
1300,TRAIN_1300,TRAIN_1300.mp4,0,2,0
1301,TRAIN_1301,TRAIN_1301.mp4,7,2,2
1302,TRAIN_1302,TRAIN_1302.mp4,0,2,0
1303,TRAIN_1303,TRAIN_1303.mp4,0,2,0
1304,TRAIN_1304,TRAIN_1304.mp4,0,2,0
1305,TRAIN_1305,TRAIN_1305.mp4,0,2,0
1306,TRAIN_1306,TRAIN_1306.mp4,0,2,0
1307,TRAIN_1307,TRAIN_1307.mp4,0,2,0
1308,TRAIN_1308,TRAIN_1308.mp4,7,2,2
1309,TRAIN_1309,TRAIN_1309.mp4,7,2,2
1310,TRAIN_1310,TRAIN_1310.mp4,0,2,0
1311,TRAIN_1311,TRAIN_1311.mp4,3,2,1
1312,TRAIN_1312,TRAIN_1312.mp4,3,2,1
1313,TRAIN_1313,TRAIN_1313.mp4,0,2,0
1314,TRAIN_1314,TRAIN_1314.mp4,0,2,0
1315,TRAIN_1315,TRAIN_1315.mp4,0,2,0
1316,TRAIN_1316,TRAIN_1316.mp4,0,2,0
1317,TRAIN_1317,TRAIN_1317.mp4,0,2,0
1318,TRAIN_1318,TRAIN_1318.mp4,0,2,0
1319,TRAIN_1319,TRAIN_1319.mp4,0,2,0
1320,TRAIN_1320,TRAIN_1320.mp4,1,2,1
1321,TRAIN_1321,TRAIN_1321.mp4,0,2,0
1322,TRAIN_1322,TRAIN_1322.mp4,0,2,0
1323,TRAIN_1323,TRAIN_1323.mp4,0,2,0
1324,TRAIN_1324,TRAIN_1324.mp4,0,2,0
1325,TRAIN_1325,TRAIN_1325.mp4,0,2,0
1326,TRAIN_1326,TRAIN_1326.mp4,0,2,0
1327,TRAIN_1327,TRAIN_1327.mp4,7,2,2
1328,TRAIN_1328,TRAIN_1328.mp4,7,3,2
1329,TRAIN_1329,TRAIN_1329.mp4,1,2,1
1330,TRAIN_1330,TRAIN_1330.mp4,0,2,0
1331,TRAIN_1331,TRAIN_1331.mp4,0,2,0
1332,TRAIN_1332,TRAIN_1332.mp4,1,2,1
1333,TRAIN_1333,TRAIN_1333.mp4,1,2,1
1334,TRAIN_1334,TRAIN_1334.mp4,8,2,2
1335,TRAIN_1335,TRAIN_1335.mp4,1,2,1
1336,TRAIN_1336,TRAIN_1336.mp4,0,2,0
1337,TRAIN_1337,TRAIN_1337.mp4,1,3,1
1338,TRAIN_1338,TRAIN_1338.mp4,1,3,1
1339,TRAIN_1339,TRAIN_1339.mp4,0,3,0
1340,TRAIN_1340,TRAIN_1340.mp4,1,3,1
1341,TRAIN_1341,TRAIN_1341.mp4,0,3,0
1342,TRAIN_1342,TRAIN_1342.mp4,0,3,0
1343,TRAIN_1343,TRAIN_1343.mp4,4,2,1
1344,TRAIN_1344,TRAIN_1344.mp4,0,3,0
1345,TRAIN_1345,TRAIN_1345.mp4,0,3,0
1346,TRAIN_1346,TRAIN_1346.mp4,0,3,0
1347,TRAIN_1347,TRAIN_1347.mp4,0,3,0
1348,TRAIN_1348,TRAIN_1348.mp4,0,3,0
1349,TRAIN_1349,TRAIN_1349.mp4,0,3,0
1350,TRAIN_1350,TRAIN_1350.mp4,0,3,0
1351,TRAIN_1351,TRAIN_1351.mp4,0,3,0
1352,TRAIN_1352,TRAIN_1352.mp4,0,3,0
1353,TRAIN_1353,TRAIN_1353.mp4,0,3,0
1354,TRAIN_1354,TRAIN_1354.mp4,1,3,1
1355,TRAIN_1355,TRAIN_1355.mp4,0,3,0
1356,TRAIN_1356,TRAIN_1356.mp4,1,3,1
1357,TRAIN_1357,TRAIN_1357.mp4,0,3,0
1358,TRAIN_1358,TRAIN_1358.mp4,7,3,2
1359,TRAIN_1359,TRAIN_1359.mp4,0,3,0
1360,TRAIN_1360,TRAIN_1360.mp4,0,3,0
1361,TRAIN_1361,TRAIN_1361.mp4,0,3,0
1362,TRAIN_1362,TRAIN_1362.mp4,0,3,0
1363,TRAIN_1363,TRAIN_1363.mp4,0,3,0
1364,TRAIN_1364,TRAIN_1364.mp4,0,3,0
1365,TRAIN_1365,TRAIN_1365.mp4,0,3,0
1366,TRAIN_1366,TRAIN_1366.mp4,0,3,0
1367,TRAIN_1367,TRAIN_1367.mp4,0,3,0
1368,TRAIN_1368,TRAIN_1368.mp4,0,3,0
1369,TRAIN_1369,TRAIN_1369.mp4,7,3,2
1370,TRAIN_1370,TRAIN_1370.mp4,0,3,0
1371,TRAIN_1371,TRAIN_1371.mp4,1,3,1
1372,TRAIN_1372,TRAIN_1372.mp4,0,3,0
1373,TRAIN_1373,TRAIN_1373.mp4,7,3,2
1374,TRAIN_1374,TRAIN_1374.mp4,7,3,2
1375,TRAIN_1375,TRAIN_1375.mp4,3,2,1
1376,TRAIN_1376,TRAIN_1376.mp4,0,3,0
1377,TRAIN_1377,TRAIN_1377.mp4,0,3,0
1378,TRAIN_1378,TRAIN_1378.mp4,0,3,0
1379,TRAIN_1379,TRAIN_1379.mp4,0,3,0
1380,TRAIN_1380,TRAIN_1380.mp4,2,3,1
1381,TRAIN_1381,TRAIN_1381.mp4,3,2,1
1382,TRAIN_1382,TRAIN_1382.mp4,0,3,0
1383,TRAIN_1383,TRAIN_1383.mp4,0,3,0
1384,TRAIN_1384,TRAIN_1384.mp4,1,3,1
1385,TRAIN_1385,TRAIN_1385.mp4,0,3,0
1386,TRAIN_1386,TRAIN_1386.mp4,3,2,1
1387,TRAIN_1387,TRAIN_1387.mp4,1,3,1
1388,TRAIN_1388,TRAIN_1388.mp4,7,3,2
1389,TRAIN_1389,TRAIN_1389.mp4,3,2,1
1390,TRAIN_1390,TRAIN_1390.mp4,0,3,0
1391,TRAIN_1391,TRAIN_1391.mp4,1,3,1
1392,TRAIN_1392,TRAIN_1392.mp4,0,3,0
1393,TRAIN_1393,TRAIN_1393.mp4,0,3,0
1394,TRAIN_1394,TRAIN_1394.mp4,0,3,0
1395,TRAIN_1395,TRAIN_1395.mp4,1,3,1
1396,TRAIN_1396,TRAIN_1396.mp4,0,3,0
1397,TRAIN_1397,TRAIN_1397.mp4,0,3,0
1398,TRAIN_1398,TRAIN_1398.mp4,0,3,0
1399,TRAIN_1399,TRAIN_1399.mp4,0,3,0
1400,TRAIN_1400,TRAIN_1400.mp4,0,3,0
1401,TRAIN_1401,TRAIN_1401.mp4,0,3,0
1402,TRAIN_1402,TRAIN_1402.mp4,0,3,0
1403,TRAIN_1403,TRAIN_1403.mp4,0,3,0
1404,TRAIN_1404,TRAIN_1404.mp4,0,3,0
1405,TRAIN_1405,TRAIN_1405.mp4,0,3,0
1406,TRAIN_1406,TRAIN_1406.mp4,0,3,0
1407,TRAIN_1407,TRAIN_1407.mp4,0,3,0
1408,TRAIN_1408,TRAIN_1408.mp4,0,3,0
1409,TRAIN_1409,TRAIN_1409.mp4,7,3,2
1410,TRAIN_1410,TRAIN_1410.mp4,0,3,0
1411,TRAIN_1411,TRAIN_1411.mp4,0,3,0
1412,TRAIN_1412,TRAIN_1412.mp4,0,3,0
1413,TRAIN_1413,TRAIN_1413.mp4,0,3,0
1414,TRAIN_1414,TRAIN_1414.mp4,4,2,1
1415,TRAIN_1415,TRAIN_1415.mp4,1,3,1
1416,TRAIN_1416,TRAIN_1416.mp4,0,3,0
1417,TRAIN_1417,TRAIN_1417.mp4,0,3,0
1418,TRAIN_1418,TRAIN_1418.mp4,3,2,1
1419,TRAIN_1419,TRAIN_1419.mp4,4,3,1
1420,TRAIN_1420,TRAIN_1420.mp4,11,3,2
1421,TRAIN_1421,TRAIN_1421.mp4,0,3,0
1422,TRAIN_1422,TRAIN_1422.mp4,0,3,0
1423,TRAIN_1423,TRAIN_1423.mp4,1,3,1
1424,TRAIN_1424,TRAIN_1424.mp4,2,3,1
1425,TRAIN_1425,TRAIN_1425.mp4,3,2,1
1426,TRAIN_1426,TRAIN_1426.mp4,0,3,0
1427,TRAIN_1427,TRAIN_1427.mp4,7,3,2
1428,TRAIN_1428,TRAIN_1428.mp4,1,3,1
1429,TRAIN_1429,TRAIN_1429.mp4,0,3,0
1430,TRAIN_1430,TRAIN_1430.mp4,7,3,2
1431,TRAIN_1431,TRAIN_1431.mp4,0,3,0
1432,TRAIN_1432,TRAIN_1432.mp4,0,3,0
1433,TRAIN_1433,TRAIN_1433.mp4,0,3,0
1434,TRAIN_1434,TRAIN_1434.mp4,0,3,0
1435,TRAIN_1435,TRAIN_1435.mp4,7,3,2
1436,TRAIN_1436,TRAIN_1436.mp4,0,3,0
1437,TRAIN_1437,TRAIN_1437.mp4,7,3,2
1438,TRAIN_1438,TRAIN_1438.mp4,1,3,1
1439,TRAIN_1439,TRAIN_1439.mp4,7,3,2
1440,TRAIN_1440,TRAIN_1440.mp4,1,3,1
1441,TRAIN_1441,TRAIN_1441.mp4,1,3,1
1442,TRAIN_1442,TRAIN_1442.mp4,0,3,0
1443,TRAIN_1443,TRAIN_1443.mp4,0,3,0
1444,TRAIN_1444,TRAIN_1444.mp4,1,3,1
1445,TRAIN_1445,TRAIN_1445.mp4,7,3,2
1446,TRAIN_1446,TRAIN_1446.mp4,7,3,2
1447,TRAIN_1447,TRAIN_1447.mp4,0,3,0
1448,TRAIN_1448,TRAIN_1448.mp4,0,3,0
1449,TRAIN_1449,TRAIN_1449.mp4,0,3,0
1450,TRAIN_1450,TRAIN_1450.mp4,0,3,0
1451,TRAIN_1451,TRAIN_1451.mp4,0,3,0
1452,TRAIN_1452,TRAIN_1452.mp4,7,3,2
1453,TRAIN_1453,TRAIN_1453.mp4,0,3,0
1454,TRAIN_1454,TRAIN_1454.mp4,3,3,1
1455,TRAIN_1455,TRAIN_1455.mp4,1,3,1
1456,TRAIN_1456,TRAIN_1456.mp4,0,3,0
1457,TRAIN_1457,TRAIN_1457.mp4,0,3,0
1458,TRAIN_1458,TRAIN_1458.mp4,0,3,0
1459,TRAIN_1459,TRAIN_1459.mp4,0,3,0
1460,TRAIN_1460,TRAIN_1460.mp4,0,3,0
1461,TRAIN_1461,TRAIN_1461.mp4,1,3,1
1462,TRAIN_1462,TRAIN_1462.mp4,0,3,0
1463,TRAIN_1463,TRAIN_1463.mp4,0,3,0
1464,TRAIN_1464,TRAIN_1464.mp4,0,3,0
1465,TRAIN_1465,TRAIN_1465.mp4,7,3,2
1466,TRAIN_1466,TRAIN_1466.mp4,0,3,0
1467,TRAIN_1467,TRAIN_1467.mp4,7,3,2
1468,TRAIN_1468,TRAIN_1468.mp4,1,3,1
1469,TRAIN_1469,TRAIN_1469.mp4,0,3,0
1470,TRAIN_1470,TRAIN_1470.mp4,0,3,0
1471,TRAIN_1471,TRAIN_1471.mp4,0,3,0
1472,TRAIN_1472,TRAIN_1472.mp4,0,3,0
1473,TRAIN_1473,TRAIN_1473.mp4,0,3,0
1474,TRAIN_1474,TRAIN_1474.mp4,0,3,0
1475,TRAIN_1475,TRAIN_1475.mp4,0,3,0
1476,TRAIN_1476,TRAIN_1476.mp4,0,3,0
1477,TRAIN_1477,TRAIN_1477.mp4,0,3,0
1478,TRAIN_1478,TRAIN_1478.mp4,0,3,0
1479,TRAIN_1479,TRAIN_1479.mp4,7,3,2
1480,TRAIN_1480,TRAIN_1480.mp4,0,3,0
1481,TRAIN_1481,TRAIN_1481.mp4,7,3,2
1482,TRAIN_1482,TRAIN_1482.mp4,0,3,0
1483,TRAIN_1483,TRAIN_1483.mp4,1,3,1
1484,TRAIN_1484,TRAIN_1484.mp4,0,3,0
1485,TRAIN_1485,TRAIN_1485.mp4,1,3,1
1486,TRAIN_1486,TRAIN_1486.mp4,1,3,1
1487,TRAIN_1487,TRAIN_1487.mp4,0,3,0
1488,TRAIN_1488,TRAIN_1488.mp4,2,3,1
1489,TRAIN_1489,TRAIN_1489.mp4,0,3,0
1490,TRAIN_1490,TRAIN_1490.mp4,0,3,0
1491,TRAIN_1491,TRAIN_1491.mp4,0,3,0
1492,TRAIN_1492,TRAIN_1492.mp4,2,3,1
1493,TRAIN_1493,TRAIN_1493.mp4,0,3,0
1494,TRAIN_1494,TRAIN_1494.mp4,7,3,2
1495,TRAIN_1495,TRAIN_1495.mp4,0,3,0
1496,TRAIN_1496,TRAIN_1496.mp4,0,3,0
1497,TRAIN_1497,TRAIN_1497.mp4,7,3,2
1498,TRAIN_1498,TRAIN_1498.mp4,0,3,0
1499,TRAIN_1499,TRAIN_1499.mp4,0,3,0
1500,TRAIN_1500,TRAIN_1500.mp4,0,3,0
1501,TRAIN_1501,TRAIN_1501.mp4,0,3,0
1502,TRAIN_1502,TRAIN_1502.mp4,1,3,1
1503,TRAIN_1503,TRAIN_1503.mp4,0,3,0
1504,TRAIN_1504,TRAIN_1504.mp4,0,3,0
1505,TRAIN_1505,TRAIN_1505.mp4,3,3,1
1506,TRAIN_1506,TRAIN_1506.mp4,1,3,1
1507,TRAIN_1507,TRAIN_1507.mp4,0,3,0
1508,TRAIN_1508,TRAIN_1508.mp4,0,3,0
1509,TRAIN_1509,TRAIN_1509.mp4,0,3,0
1510,TRAIN_1510,TRAIN_1510.mp4,0,3,0
1511,TRAIN_1511,TRAIN_1511.mp4,7,3,2
1512,TRAIN_1512,TRAIN_1512.mp4,7,3,2
1513,TRAIN_1513,TRAIN_1513.mp4,9,2,2
1514,TRAIN_1514,TRAIN_1514.mp4,0,3,0
1515,TRAIN_1515,TRAIN_1515.mp4,0,3,0
1516,TRAIN_1516,TRAIN_1516.mp4,0,3,0
1517,TRAIN_1517,TRAIN_1517.mp4,0,3,0
1518,TRAIN_1518,TRAIN_1518.mp4,1,3,1
1519,TRAIN_1519,TRAIN_1519.mp4,0,3,0
1520,TRAIN_1520,TRAIN_1520.mp4,0,3,0
1521,TRAIN_1521,TRAIN_1521.mp4,0,3,0
1522,TRAIN_1522,TRAIN_1522.mp4,0,3,0
1523,TRAIN_1523,TRAIN_1523.mp4,0,3,0
1524,TRAIN_1524,TRAIN_1524.mp4,0,3,0
1525,TRAIN_1525,TRAIN_1525.mp4,7,3,2
1526,TRAIN_1526,TRAIN_1526.mp4,0,3,0
1527,TRAIN_1527,TRAIN_1527.mp4,0,3,0
1528,TRAIN_1528,TRAIN_1528.mp4,0,3,0
1529,TRAIN_1529,TRAIN_1529.mp4,0,3,0
1530,TRAIN_1530,TRAIN_1530.mp4,0,3,0
1531,TRAIN_1531,TRAIN_1531.mp4,1,3,1
1532,TRAIN_1532,TRAIN_1532.mp4,0,3,0
1533,TRAIN_1533,TRAIN_1533.mp4,8,2,2
1534,TRAIN_1534,TRAIN_1534.mp4,0,3,0
1535,TRAIN_1535,TRAIN_1535.mp4,10,2,2
1536,TRAIN_1536,TRAIN_1536.mp4,0,3,0
1537,TRAIN_1537,TRAIN_1537.mp4,0,3,0
1538,TRAIN_1538,TRAIN_1538.mp4,0,3,0
1539,TRAIN_1539,TRAIN_1539.mp4,0,3,0
1540,TRAIN_1540,TRAIN_1540.mp4,1,3,1
1541,TRAIN_1541,TRAIN_1541.mp4,1,3,1
1542,TRAIN_1542,TRAIN_1542.mp4,1,3,1
1543,TRAIN_1543,TRAIN_1543.mp4,0,3,0
1544,TRAIN_1544,TRAIN_1544.mp4,11,3,2
1545,TRAIN_1545,TRAIN_1545.mp4,0,3,0
1546,TRAIN_1546,TRAIN_1546.mp4,0,3,0
1547,TRAIN_1547,TRAIN_1547.mp4,0,3,0
1548,TRAIN_1548,TRAIN_1548.mp4,7,3,2
1549,TRAIN_1549,TRAIN_1549.mp4,0,3,0
1550,TRAIN_1550,TRAIN_1550.mp4,0,3,0
1551,TRAIN_1551,TRAIN_1551.mp4,1,3,1
1552,TRAIN_1552,TRAIN_1552.mp4,7,3,2
1553,TRAIN_1553,TRAIN_1553.mp4,7,3,2
1554,TRAIN_1554,TRAIN_1554.mp4,0,3,0
1555,TRAIN_1555,TRAIN_1555.mp4,2,3,1
1556,TRAIN_1556,TRAIN_1556.mp4,0,3,0
1557,TRAIN_1557,TRAIN_1557.mp4,0,3,0
1558,TRAIN_1558,TRAIN_1558.mp4,0,3,0
1559,TRAIN_1559,TRAIN_1559.mp4,7,3,2
1560,TRAIN_1560,TRAIN_1560.mp4,7,3,2
1561,TRAIN_1561,TRAIN_1561.mp4,5,3,1
1562,TRAIN_1562,TRAIN_1562.mp4,0,3,0
1563,TRAIN_1563,TRAIN_1563.mp4,3,3,1
1564,TRAIN_1564,TRAIN_1564.mp4,0,3,0
1565,TRAIN_1565,TRAIN_1565.mp4,0,3,0
1566,TRAIN_1566,TRAIN_1566.mp4,7,3,2
1567,TRAIN_1567,TRAIN_1567.mp4,0,3,0
1568,TRAIN_1568,TRAIN_1568.mp4,0,3,0
1569,TRAIN_1569,TRAIN_1569.mp4,0,3,0
1570,TRAIN_1570,TRAIN_1570.mp4,0,3,0
1571,TRAIN_1571,TRAIN_1571.mp4,0,3,0
1572,TRAIN_1572,TRAIN_1572.mp4,7,3,2
1573,TRAIN_1573,TRAIN_1573.mp4,0,3,0
1574,TRAIN_1574,TRAIN_1574.mp4,0,3,0
1575,TRAIN_1575,TRAIN_1575.mp4,0,3,0
1576,TRAIN_1576,TRAIN_1576.mp4,0,3,0
1577,TRAIN_1577,TRAIN_1577.mp4,0,3,0
1578,TRAIN_1578,TRAIN_1578.mp4,0,3,0
1579,TRAIN_1579,TRAIN_1579.mp4,0,3,0
1580,TRAIN_1580,TRAIN_1580.mp4,12,1,2
1581,TRAIN_1581,TRAIN_1581.mp4,7,3,2
1582,TRAIN_1582,TRAIN_1582.mp4,0,3,0
1583,TRAIN_1583,TRAIN_1583.mp4,0,3,0
1584,TRAIN_1584,TRAIN_1584.mp4,0,3,0
1585,TRAIN_1585,TRAIN_1585.mp4,0,3,0
1586,TRAIN_1586,TRAIN_1586.mp4,2,3,1
1587,TRAIN_1587,TRAIN_1587.mp4,0,3,0
1588,TRAIN_1588,TRAIN_1588.mp4,0,3,0
1589,TRAIN_1589,TRAIN_1589.mp4,0,3,0
1590,TRAIN_1590,TRAIN_1590.mp4,7,3,2
1591,TRAIN_1591,TRAIN_1591.mp4,0,3,0
1592,TRAIN_1592,TRAIN_1592.mp4,0,3,0
1593,TRAIN_1593,TRAIN_1593.mp4,0,3,0
1594,TRAIN_1594,TRAIN_1594.mp4,0,3,0
1595,TRAIN_1595,TRAIN_1595.mp4,0,3,0
1596,TRAIN_1596,TRAIN_1596.mp4,6,2,1
1597,TRAIN_1597,TRAIN_1597.mp4,0,3,0
1598,TRAIN_1598,TRAIN_1598.mp4,1,3,1
1599,TRAIN_1599,TRAIN_1599.mp4,0,3,0
1600,TRAIN_1600,TRAIN_1600.mp4,0,3,0
1601,TRAIN_1601,TRAIN_1601.mp4,0,3,0
1602,TRAIN_1602,TRAIN_1602.mp4,0,3,0
1603,TRAIN_1603,TRAIN_1603.mp4,0,3,0
1604,TRAIN_1604,TRAIN_1604.mp4,0,3,0
1605,TRAIN_1605,TRAIN_1605.mp4,1,3,1
1606,TRAIN_1606,TRAIN_1606.mp4,7,3,2
1607,TRAIN_1607,TRAIN_1607.mp4,1,3,1
1608,TRAIN_1608,TRAIN_1608.mp4,5,3,1
1609,TRAIN_1609,TRAIN_1609.mp4,7,3,2
1610,TRAIN_1610,TRAIN_1610.mp4,0,3,0
1611,TRAIN_1611,TRAIN_1611.mp4,0,3,0
1612,TRAIN_1612,TRAIN_1612.mp4,0,3,0
1613,TRAIN_1613,TRAIN_1613.mp4,3,3,1
1614,TRAIN_1614,TRAIN_1614.mp4,0,3,0
1615,TRAIN_1615,TRAIN_1615.mp4,0,3,0
1616,TRAIN_1616,TRAIN_1616.mp4,0,3,0
1617,TRAIN_1617,TRAIN_1617.mp4,1,3,1
1618,TRAIN_1618,TRAIN_1618.mp4,0,3,0
1619,TRAIN_1619,TRAIN_1619.mp4,1,3,1
1620,TRAIN_1620,TRAIN_1620.mp4,7,3,2
1621,TRAIN_1621,TRAIN_1621.mp4,0,3,0
1622,TRAIN_1622,TRAIN_1622.mp4,0,3,0
1623,TRAIN_1623,TRAIN_1623.mp4,0,3,0
1624,TRAIN_1624,TRAIN_1624.mp4,0,3,0
1625,TRAIN_1625,TRAIN_1625.mp4,0,3,0
1626,TRAIN_1626,TRAIN_1626.mp4,3,3,1
1627,TRAIN_1627,TRAIN_1627.mp4,0,3,0
1628,TRAIN_1628,TRAIN_1628.mp4,0,3,0
1629,TRAIN_1629,TRAIN_1629.mp4,0,3,0
1630,TRAIN_1630,TRAIN_1630.mp4,0,3,0
1631,TRAIN_1631,TRAIN_1631.mp4,0,3,0
1632,TRAIN_1632,TRAIN_1632.mp4,0,3,0
1633,TRAIN_1633,TRAIN_1633.mp4,7,3,2
1634,TRAIN_1634,TRAIN_1634.mp4,0,3,0
1635,TRAIN_1635,TRAIN_1635.mp4,0,3,0
1636,TRAIN_1636,TRAIN_1636.mp4,7,3,2
1637,TRAIN_1637,TRAIN_1637.mp4,7,3,2
1638,TRAIN_1638,TRAIN_1638.mp4,0,3,0
1639,TRAIN_1639,TRAIN_1639.mp4,0,3,0
1640,TRAIN_1640,TRAIN_1640.mp4,0,3,0
1641,TRAIN_1641,TRAIN_1641.mp4,9,2,2
1642,TRAIN_1642,TRAIN_1642.mp4,2,3,1
1643,TRAIN_1643,TRAIN_1643.mp4,0,3,0
1644,TRAIN_1644,TRAIN_1644.mp4,1,3,1
1645,TRAIN_1645,TRAIN_1645.mp4,0,3,0
1646,TRAIN_1646,TRAIN_1646.mp4,0,3,0
1647,TRAIN_1647,TRAIN_1647.mp4,0,3,0
1648,TRAIN_1648,TRAIN_1648.mp4,0,3,0
1649,TRAIN_1649,TRAIN_1649.mp4,3,3,1
1650,TRAIN_1650,TRAIN_1650.mp4,0,3,0
1651,TRAIN_1651,TRAIN_1651.mp4,7,3,2
1652,TRAIN_1652,TRAIN_1652.mp4,1,3,1
1653,TRAIN_1653,TRAIN_1653.mp4,0,3,0
1654,TRAIN_1654,TRAIN_1654.mp4,1,3,1
1655,TRAIN_1655,TRAIN_1655.mp4,0,3,0
1656,TRAIN_1656,TRAIN_1656.mp4,1,3,1
1657,TRAIN_1657,TRAIN_1657.mp4,0,3,0
1658,TRAIN_1658,TRAIN_1658.mp4,0,3,0
1659,TRAIN_1659,TRAIN_1659.mp4,8,2,2
1660,TRAIN_1660,TRAIN_1660.mp4,1,3,1
1661,TRAIN_1661,TRAIN_1661.mp4,8,3,2
1662,TRAIN_1662,TRAIN_1662.mp4,0,3,0
1663,TRAIN_1663,TRAIN_1663.mp4,5,3,1
1664,TRAIN_1664,TRAIN_1664.mp4,0,3,0
1665,TRAIN_1665,TRAIN_1665.mp4,0,3,0
1666,TRAIN_1666,TRAIN_1666.mp4,0,3,0
1667,TRAIN_1667,TRAIN_1667.mp4,0,3,0
1668,TRAIN_1668,TRAIN_1668.mp4,7,3,2
1669,TRAIN_1669,TRAIN_1669.mp4,0,3,0
1670,TRAIN_1670,TRAIN_1670.mp4,0,3,0
1671,TRAIN_1671,TRAIN_1671.mp4,0,3,0
1672,TRAIN_1672,TRAIN_1672.mp4,7,3,2
1673,TRAIN_1673,TRAIN_1673.mp4,0,3,0
1674,TRAIN_1674,TRAIN_1674.mp4,1,3,1
1675,TRAIN_1675,TRAIN_1675.mp4,0,3,0
1676,TRAIN_1676,TRAIN_1676.mp4,7,3,2
1677,TRAIN_1677,TRAIN_1677.mp4,11,4,2
1678,TRAIN_1678,TRAIN_1678.mp4,0,3,0
1679,TRAIN_1679,TRAIN_1679.mp4,0,3,0
1680,TRAIN_1680,TRAIN_1680.mp4,0,3,0
1681,TRAIN_1681,TRAIN_1681.mp4,7,3,2
1682,TRAIN_1682,TRAIN_1682.mp4,0,3,0
1683,TRAIN_1683,TRAIN_1683.mp4,0,3,0
1684,TRAIN_1684,TRAIN_1684.mp4,0,3,0
1685,TRAIN_1685,TRAIN_1685.mp4,0,3,0
1686,TRAIN_1686,TRAIN_1686.mp4,0,3,0
1687,TRAIN_1687,TRAIN_1687.mp4,0,3,0
1688,TRAIN_1688,TRAIN_1688.mp4,0,3,0
1689,TRAIN_1689,TRAIN_1689.mp4,0,3,0
1690,TRAIN_1690,TRAIN_1690.mp4,0,3,0
1691,TRAIN_1691,TRAIN_1691.mp4,0,3,0
1692,TRAIN_1692,TRAIN_1692.mp4,0,3,0
1693,TRAIN_1693,TRAIN_1693.mp4,7,3,2
1694,TRAIN_1694,TRAIN_1694.mp4,3,3,1
1695,TRAIN_1695,TRAIN_1695.mp4,11,4,2
1696,TRAIN_1696,TRAIN_1696.mp4,1,3,1
1697,TRAIN_1697,TRAIN_1697.mp4,0,3,0
1698,TRAIN_1698,TRAIN_1698.mp4,1,3,1
1699,TRAIN_1699,TRAIN_1699.mp4,7,3,2
1700,TRAIN_1700,TRAIN_1700.mp4,0,3,0
1701,TRAIN_1701,TRAIN_1701.mp4,0,3,0
1702,TRAIN_1702,TRAIN_1702.mp4,0,3,0
1703,TRAIN_1703,TRAIN_1703.mp4,1,3,1
1704,TRAIN_1704,TRAIN_1704.mp4,0,3,0
1705,TRAIN_1705,TRAIN_1705.mp4,7,3,2
1706,TRAIN_1706,TRAIN_1706.mp4,0,3,0
1707,TRAIN_1707,TRAIN_1707.mp4,0,3,0
1708,TRAIN_1708,TRAIN_1708.mp4,0,3,0
1709,TRAIN_1709,TRAIN_1709.mp4,3,3,1
1710,TRAIN_1710,TRAIN_1710.mp4,0,3,0
1711,TRAIN_1711,TRAIN_1711.mp4,7,3,2
1712,TRAIN_1712,TRAIN_1712.mp4,0,3,0
1713,TRAIN_1713,TRAIN_1713.mp4,11,4,2
1714,TRAIN_1714,TRAIN_1714.mp4,0,3,0
1715,TRAIN_1715,TRAIN_1715.mp4,0,3,0
1716,TRAIN_1716,TRAIN_1716.mp4,1,3,1
1717,TRAIN_1717,TRAIN_1717.mp4,0,3,0
1718,TRAIN_1718,TRAIN_1718.mp4,1,3,1
1719,TRAIN_1719,TRAIN_1719.mp4,0,3,0
1720,TRAIN_1720,TRAIN_1720.mp4,3,3,1
1721,TRAIN_1721,TRAIN_1721.mp4,0,3,0
1722,TRAIN_1722,TRAIN_1722.mp4,0,3,0
1723,TRAIN_1723,TRAIN_1723.mp4,1,3,1
1724,TRAIN_1724,TRAIN_1724.mp4,0,3,0
1725,TRAIN_1725,TRAIN_1725.mp4,7,3,2
1726,TRAIN_1726,TRAIN_1726.mp4,0,3,0
1727,TRAIN_1727,TRAIN_1727.mp4,7,3,2
1728,TRAIN_1728,TRAIN_1728.mp4,7,3,2
1729,TRAIN_1729,TRAIN_1729.mp4,0,3,0
1730,TRAIN_1730,TRAIN_1730.mp4,0,3,0
1731,TRAIN_1731,TRAIN_1731.mp4,1,3,1
1732,TRAIN_1732,TRAIN_1732.mp4,0,3,0
1733,TRAIN_1733,TRAIN_1733.mp4,0,3,0
1734,TRAIN_1734,TRAIN_1734.mp4,0,3,0
1735,TRAIN_1735,TRAIN_1735.mp4,0,3,0
1736,TRAIN_1736,TRAIN_1736.mp4,0,3,0
1737,TRAIN_1737,TRAIN_1737.mp4,0,3,0
1738,TRAIN_1738,TRAIN_1738.mp4,0,3,0
1739,TRAIN_1739,TRAIN_1739.mp4,0,3,0
1740,TRAIN_1740,TRAIN_1740.mp4,0,3,0
1741,TRAIN_1741,TRAIN_1741.mp4,0,3,0
1742,TRAIN_1742,TRAIN_1742.mp4,0,3,0
1743,TRAIN_1743,TRAIN_1743.mp4,0,3,0
1744,TRAIN_1744,TRAIN_1744.mp4,0,3,0
1745,TRAIN_1745,TRAIN_1745.mp4,0,3,0
1746,TRAIN_1746,TRAIN_1746.mp4,7,3,2
1747,TRAIN_1747,TRAIN_1747.mp4,0,3,0
1748,TRAIN_1748,TRAIN_1748.mp4,0,3,0
1749,TRAIN_1749,TRAIN_1749.mp4,0,3,0
1750,TRAIN_1750,TRAIN_1750.mp4,0,3,0
1751,TRAIN_1751,TRAIN_1751.mp4,0,3,0
1752,TRAIN_1752,TRAIN_1752.mp4,0,3,0
1753,TRAIN_1753,TRAIN_1753.mp4,1,3,1
1754,TRAIN_1754,TRAIN_1754.mp4,3,3,1
1755,TRAIN_1755,TRAIN_1755.mp4,7,3,2
1756,TRAIN_1756,TRAIN_1756.mp4,1,3,1
1757,TRAIN_1757,TRAIN_1757.mp4,0,3,0
1758,TRAIN_1758,TRAIN_1758.mp4,10,5,2
1759,TRAIN_1759,TRAIN_1759.mp4,0,3,0
1760,TRAIN_1760,TRAIN_1760.mp4,0,3,0
1761,TRAIN_1761,TRAIN_1761.mp4,0,3,0
1762,TRAIN_1762,TRAIN_1762.mp4,0,3,0
1763,TRAIN_1763,TRAIN_1763.mp4,0,3,0
1764,TRAIN_1764,TRAIN_1764.mp4,0,3,0
1765,TRAIN_1765,TRAIN_1765.mp4,0,3,0
1766,TRAIN_1766,TRAIN_1766.mp4,0,3,0
1767,TRAIN_1767,TRAIN_1767.mp4,0,3,0
1768,TRAIN_1768,TRAIN_1768.mp4,0,3,0
1769,TRAIN_1769,TRAIN_1769.mp4,0,3,0
1770,TRAIN_1770,TRAIN_1770.mp4,1,3,1
1771,TRAIN_1771,TRAIN_1771.mp4,1,3,1
1772,TRAIN_1772,TRAIN_1772.mp4,0,3,0
1773,TRAIN_1773,TRAIN_1773.mp4,7,4,2
1774,TRAIN_1774,TRAIN_1774.mp4,0,3,0
1775,TRAIN_1775,TRAIN_1775.mp4,1,4,1
1776,TRAIN_1776,TRAIN_1776.mp4,0,3,0
1777,TRAIN_1777,TRAIN_1777.mp4,0,3,0
1778,TRAIN_1778,TRAIN_1778.mp4,3,3,1
1779,TRAIN_1779,TRAIN_1779.mp4,0,3,0
1780,TRAIN_1780,TRAIN_1780.mp4,0,3,0
1781,TRAIN_1781,TRAIN_1781.mp4,0,3,0
1782,TRAIN_1782,TRAIN_1782.mp4,0,3,0
1783,TRAIN_1783,TRAIN_1783.mp4,7,4,2
1784,TRAIN_1784,TRAIN_1784.mp4,3,3,1
1785,TRAIN_1785,TRAIN_1785.mp4,0,3,0
1786,TRAIN_1786,TRAIN_1786.mp4,1,4,1
1787,TRAIN_1787,TRAIN_1787.mp4,0,3,0
1788,TRAIN_1788,TRAIN_1788.mp4,0,4,0
1789,TRAIN_1789,TRAIN_1789.mp4,1,4,1
1790,TRAIN_1790,TRAIN_1790.mp4,0,4,0
1791,TRAIN_1791,TRAIN_1791.mp4,0,4,0
1792,TRAIN_1792,TRAIN_1792.mp4,0,4,0
1793,TRAIN_1793,TRAIN_1793.mp4,1,4,1
1794,TRAIN_1794,TRAIN_1794.mp4,7,4,2
1795,TRAIN_1795,TRAIN_1795.mp4,1,4,1
1796,TRAIN_1796,TRAIN_1796.mp4,7,4,2
1797,TRAIN_1797,TRAIN_1797.mp4,0,4,0
1798,TRAIN_1798,TRAIN_1798.mp4,0,4,0
1799,TRAIN_1799,TRAIN_1799.mp4,0,4,0
1800,TRAIN_1800,TRAIN_1800.mp4,0,4,0
1801,TRAIN_1801,TRAIN_1801.mp4,1,4,1
1802,TRAIN_1802,TRAIN_1802.mp4,0,4,0
1803,TRAIN_1803,TRAIN_1803.mp4,7,4,2
1804,TRAIN_1804,TRAIN_1804.mp4,0,4,0
1805,TRAIN_1805,TRAIN_1805.mp4,0,4,0
1806,TRAIN_1806,TRAIN_1806.mp4,7,4,2
1807,TRAIN_1807,TRAIN_1807.mp4,7,4,2
1808,TRAIN_1808,TRAIN_1808.mp4,9,2,2
1809,TRAIN_1809,TRAIN_1809.mp4,0,4,0
1810,TRAIN_1810,TRAIN_1810.mp4,0,4,0
1811,TRAIN_1811,TRAIN_1811.mp4,0,4,0
1812,TRAIN_1812,TRAIN_1812.mp4,9,3,2
1813,TRAIN_1813,TRAIN_1813.mp4,0,4,0
1814,TRAIN_1814,TRAIN_1814.mp4,0,4,0
1815,TRAIN_1815,TRAIN_1815.mp4,5,3,1
1816,TRAIN_1816,TRAIN_1816.mp4,0,4,0
1817,TRAIN_1817,TRAIN_1817.mp4,0,4,0
1818,TRAIN_1818,TRAIN_1818.mp4,0,4,0
1819,TRAIN_1819,TRAIN_1819.mp4,7,4,2
1820,TRAIN_1820,TRAIN_1820.mp4,7,4,2
1821,TRAIN_1821,TRAIN_1821.mp4,0,4,0
1822,TRAIN_1822,TRAIN_1822.mp4,0,4,0
1823,TRAIN_1823,TRAIN_1823.mp4,0,4,0
1824,TRAIN_1824,TRAIN_1824.mp4,11,4,2
1825,TRAIN_1825,TRAIN_1825.mp4,1,4,1
1826,TRAIN_1826,TRAIN_1826.mp4,0,4,0
1827,TRAIN_1827,TRAIN_1827.mp4,0,4,0
1828,TRAIN_1828,TRAIN_1828.mp4,1,4,1
1829,TRAIN_1829,TRAIN_1829.mp4,0,4,0
1830,TRAIN_1830,TRAIN_1830.mp4,1,4,1
1831,TRAIN_1831,TRAIN_1831.mp4,0,4,0
1832,TRAIN_1832,TRAIN_1832.mp4,0,4,0
1833,TRAIN_1833,TRAIN_1833.mp4,9,3,2
1834,TRAIN_1834,TRAIN_1834.mp4,0,4,0
1835,TRAIN_1835,TRAIN_1835.mp4,7,4,2
1836,TRAIN_1836,TRAIN_1836.mp4,0,4,0
1837,TRAIN_1837,TRAIN_1837.mp4,0,4,0
1838,TRAIN_1838,TRAIN_1838.mp4,1,4,1
1839,TRAIN_1839,TRAIN_1839.mp4,1,4,1
1840,TRAIN_1840,TRAIN_1840.mp4,0,4,0
1841,TRAIN_1841,TRAIN_1841.mp4,0,4,0
1842,TRAIN_1842,TRAIN_1842.mp4,0,4,0
1843,TRAIN_1843,TRAIN_1843.mp4,0,4,0
1844,TRAIN_1844,TRAIN_1844.mp4,0,4,0
1845,TRAIN_1845,TRAIN_1845.mp4,0,4,0
1846,TRAIN_1846,TRAIN_1846.mp4,0,4,0
1847,TRAIN_1847,TRAIN_1847.mp4,7,4,2
1848,TRAIN_1848,TRAIN_1848.mp4,1,4,1
1849,TRAIN_1849,TRAIN_1849.mp4,1,4,1
1850,TRAIN_1850,TRAIN_1850.mp4,0,4,0
1851,TRAIN_1851,TRAIN_1851.mp4,1,4,1
1852,TRAIN_1852,TRAIN_1852.mp4,0,4,0
1853,TRAIN_1853,TRAIN_1853.mp4,0,4,0
1854,TRAIN_1854,TRAIN_1854.mp4,0,4,0
1855,TRAIN_1855,TRAIN_1855.mp4,0,4,0
1856,TRAIN_1856,TRAIN_1856.mp4,7,4,2
1857,TRAIN_1857,TRAIN_1857.mp4,0,4,0
1858,TRAIN_1858,TRAIN_1858.mp4,0,4,0
1859,TRAIN_1859,TRAIN_1859.mp4,0,4,0
1860,TRAIN_1860,TRAIN_1860.mp4,0,4,0
1861,TRAIN_1861,TRAIN_1861.mp4,7,4,2
1862,TRAIN_1862,TRAIN_1862.mp4,1,4,1
1863,TRAIN_1863,TRAIN_1863.mp4,3,3,1
1864,TRAIN_1864,TRAIN_1864.mp4,2,3,1
1865,TRAIN_1865,TRAIN_1865.mp4,0,4,0
1866,TRAIN_1866,TRAIN_1866.mp4,0,4,0
1867,TRAIN_1867,TRAIN_1867.mp4,0,4,0
1868,TRAIN_1868,TRAIN_1868.mp4,0,4,0
1869,TRAIN_1869,TRAIN_1869.mp4,0,4,0
1870,TRAIN_1870,TRAIN_1870.mp4,0,4,0
1871,TRAIN_1871,TRAIN_1871.mp4,0,4,0
1872,TRAIN_1872,TRAIN_1872.mp4,1,4,1
1873,TRAIN_1873,TRAIN_1873.mp4,2,3,1
1874,TRAIN_1874,TRAIN_1874.mp4,2,4,1
1875,TRAIN_1875,TRAIN_1875.mp4,0,4,0
1876,TRAIN_1876,TRAIN_1876.mp4,0,4,0
1877,TRAIN_1877,TRAIN_1877.mp4,0,4,0
1878,TRAIN_1878,TRAIN_1878.mp4,0,4,0
1879,TRAIN_1879,TRAIN_1879.mp4,0,4,0
1880,TRAIN_1880,TRAIN_1880.mp4,0,4,0
1881,TRAIN_1881,TRAIN_1881.mp4,0,4,0
1882,TRAIN_1882,TRAIN_1882.mp4,0,4,0
1883,TRAIN_1883,TRAIN_1883.mp4,7,4,2
1884,TRAIN_1884,TRAIN_1884.mp4,11,4,2
1885,TRAIN_1885,TRAIN_1885.mp4,0,4,0
1886,TRAIN_1886,TRAIN_1886.mp4,1,4,1
1887,TRAIN_1887,TRAIN_1887.mp4,0,4,0
1888,TRAIN_1888,TRAIN_1888.mp4,0,4,0
1889,TRAIN_1889,TRAIN_1889.mp4,0,4,0
1890,TRAIN_1890,TRAIN_1890.mp4,0,4,0
1891,TRAIN_1891,TRAIN_1891.mp4,0,4,0
1892,TRAIN_1892,TRAIN_1892.mp4,0,4,0
1893,TRAIN_1893,TRAIN_1893.mp4,0,4,0
1894,TRAIN_1894,TRAIN_1894.mp4,3,4,1
1895,TRAIN_1895,TRAIN_1895.mp4,1,4,1
1896,TRAIN_1896,TRAIN_1896.mp4,7,4,2
1897,TRAIN_1897,TRAIN_1897.mp4,0,4,0
1898,TRAIN_1898,TRAIN_1898.mp4,7,4,2
1899,TRAIN_1899,TRAIN_1899.mp4,7,4,2
1900,TRAIN_1900,TRAIN_1900.mp4,1,4,1
1901,TRAIN_1901,TRAIN_1901.mp4,0,4,0
1902,TRAIN_1902,TRAIN_1902.mp4,0,4,0
1903,TRAIN_1903,TRAIN_1903.mp4,0,4,0
1904,TRAIN_1904,TRAIN_1904.mp4,2,4,1
1905,TRAIN_1905,TRAIN_1905.mp4,0,4,0
1906,TRAIN_1906,TRAIN_1906.mp4,1,4,1
1907,TRAIN_1907,TRAIN_1907.mp4,0,4,0
1908,TRAIN_1908,TRAIN_1908.mp4,0,4,0
1909,TRAIN_1909,TRAIN_1909.mp4,1,4,1
1910,TRAIN_1910,TRAIN_1910.mp4,0,4,0
1911,TRAIN_1911,TRAIN_1911.mp4,0,4,0
1912,TRAIN_1912,TRAIN_1912.mp4,1,4,1
1913,TRAIN_1913,TRAIN_1913.mp4,0,4,0
1914,TRAIN_1914,TRAIN_1914.mp4,0,4,0
1915,TRAIN_1915,TRAIN_1915.mp4,0,4,0
1916,TRAIN_1916,TRAIN_1916.mp4,0,4,0
1917,TRAIN_1917,TRAIN_1917.mp4,8,3,2
1918,TRAIN_1918,TRAIN_1918.mp4,0,4,0
1919,TRAIN_1919,TRAIN_1919.mp4,0,4,0
1920,TRAIN_1920,TRAIN_1920.mp4,0,4,0
1921,TRAIN_1921,TRAIN_1921.mp4,0,4,0
1922,TRAIN_1922,TRAIN_1922.mp4,4,3,1
1923,TRAIN_1923,TRAIN_1923.mp4,7,4,2
1924,TRAIN_1924,TRAIN_1924.mp4,0,4,0
1925,TRAIN_1925,TRAIN_1925.mp4,0,4,0
1926,TRAIN_1926,TRAIN_1926.mp4,0,4,0
1927,TRAIN_1927,TRAIN_1927.mp4,0,4,0
1928,TRAIN_1928,TRAIN_1928.mp4,0,4,0
1929,TRAIN_1929,TRAIN_1929.mp4,0,4,0
1930,TRAIN_1930,TRAIN_1930.mp4,7,4,2
1931,TRAIN_1931,TRAIN_1931.mp4,1,4,1
1932,TRAIN_1932,TRAIN_1932.mp4,1,4,1
1933,TRAIN_1933,TRAIN_1933.mp4,0,4,0
1934,TRAIN_1934,TRAIN_1934.mp4,0,4,0
1935,TRAIN_1935,TRAIN_1935.mp4,1,4,1
1936,TRAIN_1936,TRAIN_1936.mp4,1,4,1
1937,TRAIN_1937,TRAIN_1937.mp4,0,4,0
1938,TRAIN_1938,TRAIN_1938.mp4,9,3,2
1939,TRAIN_1939,TRAIN_1939.mp4,7,4,2
1940,TRAIN_1940,TRAIN_1940.mp4,2,4,1
1941,TRAIN_1941,TRAIN_1941.mp4,1,4,1
1942,TRAIN_1942,TRAIN_1942.mp4,0,4,0
1943,TRAIN_1943,TRAIN_1943.mp4,0,4,0
1944,TRAIN_1944,TRAIN_1944.mp4,7,4,2
1945,TRAIN_1945,TRAIN_1945.mp4,1,4,1
1946,TRAIN_1946,TRAIN_1946.mp4,0,4,0
1947,TRAIN_1947,TRAIN_1947.mp4,0,4,0
1948,TRAIN_1948,TRAIN_1948.mp4,0,4,0
1949,TRAIN_1949,TRAIN_1949.mp4,7,4,2
1950,TRAIN_1950,TRAIN_1950.mp4,0,4,0
1951,TRAIN_1951,TRAIN_1951.mp4,0,4,0
1952,TRAIN_1952,TRAIN_1952.mp4,1,4,1
1953,TRAIN_1953,TRAIN_1953.mp4,9,3,2
1954,TRAIN_1954,TRAIN_1954.mp4,0,4,0
1955,TRAIN_1955,TRAIN_1955.mp4,1,4,1
1956,TRAIN_1956,TRAIN_1956.mp4,0,4,0
1957,TRAIN_1957,TRAIN_1957.mp4,0,4,0
1958,TRAIN_1958,TRAIN_1958.mp4,0,4,0
1959,TRAIN_1959,TRAIN_1959.mp4,0,4,0
1960,TRAIN_1960,TRAIN_1960.mp4,0,4,0
1961,TRAIN_1961,TRAIN_1961.mp4,0,4,0
1962,TRAIN_1962,TRAIN_1962.mp4,0,4,0
1963,TRAIN_1963,TRAIN_1963.mp4,0,4,0
1964,TRAIN_1964,TRAIN_1964.mp4,7,4,2
1965,TRAIN_1965,TRAIN_1965.mp4,0,4,0
1966,TRAIN_1966,TRAIN_1966.mp4,0,4,0
1967,TRAIN_1967,TRAIN_1967.mp4,8,3,2
1968,TRAIN_1968,TRAIN_1968.mp4,7,4,2
1969,TRAIN_1969,TRAIN_1969.mp4,7,4,2
1970,TRAIN_1970,TRAIN_1970.mp4,7,4,2
1971,TRAIN_1971,TRAIN_1971.mp4,0,4,0
1972,TRAIN_1972,TRAIN_1972.mp4,7,4,2
1973,TRAIN_1973,TRAIN_1973.mp4,0,4,0
1974,TRAIN_1974,TRAIN_1974.mp4,7,4,2
1975,TRAIN_1975,TRAIN_1975.mp4,2,4,1
1976,TRAIN_1976,TRAIN_1976.mp4,5,3,1
1977,TRAIN_1977,TRAIN_1977.mp4,0,4,0
1978,TRAIN_1978,TRAIN_1978.mp4,0,4,0
1979,TRAIN_1979,TRAIN_1979.mp4,0,4,0
1980,TRAIN_1980,TRAIN_1980.mp4,0,4,0
1981,TRAIN_1981,TRAIN_1981.mp4,0,4,0
1982,TRAIN_1982,TRAIN_1982.mp4,0,4,0
1983,TRAIN_1983,TRAIN_1983.mp4,0,4,0
1984,TRAIN_1984,TRAIN_1984.mp4,0,4,0
1985,TRAIN_1985,TRAIN_1985.mp4,0,4,0
1986,TRAIN_1986,TRAIN_1986.mp4,0,4,0
1987,TRAIN_1987,TRAIN_1987.mp4,9,3,2
1988,TRAIN_1988,TRAIN_1988.mp4,0,4,0
1989,TRAIN_1989,TRAIN_1989.mp4,0,4,0
1990,TRAIN_1990,TRAIN_1990.mp4,0,4,0
1991,TRAIN_1991,TRAIN_1991.mp4,7,4,2
1992,TRAIN_1992,TRAIN_1992.mp4,0,4,0
1993,TRAIN_1993,TRAIN_1993.mp4,0,4,0
1994,TRAIN_1994,TRAIN_1994.mp4,1,4,1
1995,TRAIN_1995,TRAIN_1995.mp4,0,4,0
1996,TRAIN_1996,TRAIN_1996.mp4,3,4,1
1997,TRAIN_1997,TRAIN_1997.mp4,0,4,0
1998,TRAIN_1998,TRAIN_1998.mp4,0,4,0
1999,TRAIN_1999,TRAIN_1999.mp4,0,4,0
2000,TRAIN_2000,TRAIN_2000.mp4,0,4,0
2001,TRAIN_2001,TRAIN_2001.mp4,0,4,0
2002,TRAIN_2002,TRAIN_2002.mp4,0,4,0
2003,TRAIN_2003,TRAIN_2003.mp4,0,4,0
2004,TRAIN_2004,TRAIN_2004.mp4,0,4,0
2005,TRAIN_2005,TRAIN_2005.mp4,0,4,0
2006,TRAIN_2006,TRAIN_2006.mp4,0,4,0
2007,TRAIN_2007,TRAIN_2007.mp4,0,4,0
2008,TRAIN_2008,TRAIN_2008.mp4,0,4,0
2009,TRAIN_2009,TRAIN_2009.mp4,3,4,1
2010,TRAIN_2010,TRAIN_2010.mp4,0,4,0
2011,TRAIN_2011,TRAIN_2011.mp4,9,3,2
2012,TRAIN_2012,TRAIN_2012.mp4,0,4,0
2013,TRAIN_2013,TRAIN_2013.mp4,2,4,1
2014,TRAIN_2014,TRAIN_2014.mp4,0,4,0
2015,TRAIN_2015,TRAIN_2015.mp4,0,4,0
2016,TRAIN_2016,TRAIN_2016.mp4,0,4,0
2017,TRAIN_2017,TRAIN_2017.mp4,7,4,2
2018,TRAIN_2018,TRAIN_2018.mp4,0,4,0
2019,TRAIN_2019,TRAIN_2019.mp4,0,4,0
2020,TRAIN_2020,TRAIN_2020.mp4,0,4,0
2021,TRAIN_2021,TRAIN_2021.mp4,0,4,0
2022,TRAIN_2022,TRAIN_2022.mp4,0,4,0
2023,TRAIN_2023,TRAIN_2023.mp4,0,4,0
2024,TRAIN_2024,TRAIN_2024.mp4,3,4,1
2025,TRAIN_2025,TRAIN_2025.mp4,7,4,2
2026,TRAIN_2026,TRAIN_2026.mp4,0,4,0
2027,TRAIN_2027,TRAIN_2027.mp4,0,4,0
2028,TRAIN_2028,TRAIN_2028.mp4,2,4,1
2029,TRAIN_2029,TRAIN_2029.mp4,0,4,0
2030,TRAIN_2030,TRAIN_2030.mp4,0,4,0
2031,TRAIN_2031,TRAIN_2031.mp4,0,4,0
2032,TRAIN_2032,TRAIN_2032.mp4,0,4,0
2033,TRAIN_2033,TRAIN_2033.mp4,8,3,2
2034,TRAIN_2034,TRAIN_2034.mp4,0,4,0
2035,TRAIN_2035,TRAIN_2035.mp4,0,4,0
2036,TRAIN_2036,TRAIN_2036.mp4,0,4,0
2037,TRAIN_2037,TRAIN_2037.mp4,0,4,0
2038,TRAIN_2038,TRAIN_2038.mp4,0,4,0
2039,TRAIN_2039,TRAIN_2039.mp4,0,4,0
2040,TRAIN_2040,TRAIN_2040.mp4,7,4,2
2041,TRAIN_2041,TRAIN_2041.mp4,7,4,2
2042,TRAIN_2042,TRAIN_2042.mp4,1,4,1
2043,TRAIN_2043,TRAIN_2043.mp4,1,4,1
2044,TRAIN_2044,TRAIN_2044.mp4,0,4,0
2045,TRAIN_2045,TRAIN_2045.mp4,0,4,0
2046,TRAIN_2046,TRAIN_2046.mp4,1,4,1
2047,TRAIN_2047,TRAIN_2047.mp4,0,4,0
2048,TRAIN_2048,TRAIN_2048.mp4,0,4,0
2049,TRAIN_2049,TRAIN_2049.mp4,0,4,0
2050,TRAIN_2050,TRAIN_2050.mp4,0,4,0
2051,TRAIN_2051,TRAIN_2051.mp4,7,4,2
2052,TRAIN_2052,TRAIN_2052.mp4,0,4,0
2053,TRAIN_2053,TRAIN_2053.mp4,0,4,0
2054,TRAIN_2054,TRAIN_2054.mp4,0,4,0
2055,TRAIN_2055,TRAIN_2055.mp4,2,4,1
2056,TRAIN_2056,TRAIN_2056.mp4,0,4,0
2057,TRAIN_2057,TRAIN_2057.mp4,0,4,0
2058,TRAIN_2058,TRAIN_2058.mp4,3,4,1
2059,TRAIN_2059,TRAIN_2059.mp4,1,4,1
2060,TRAIN_2060,TRAIN_2060.mp4,0,4,0
2061,TRAIN_2061,TRAIN_2061.mp4,0,4,0
2062,TRAIN_2062,TRAIN_2062.mp4,0,4,0
2063,TRAIN_2063,TRAIN_2063.mp4,1,4,1
2064,TRAIN_2064,TRAIN_2064.mp4,0,4,0
2065,TRAIN_2065,TRAIN_2065.mp4,0,4,0
2066,TRAIN_2066,TRAIN_2066.mp4,0,4,0
2067,TRAIN_2067,TRAIN_2067.mp4,0,4,0
2068,TRAIN_2068,TRAIN_2068.mp4,0,4,0
2069,TRAIN_2069,TRAIN_2069.mp4,0,4,0
2070,TRAIN_2070,TRAIN_2070.mp4,0,4,0
2071,TRAIN_2071,TRAIN_2071.mp4,0,4,0
2072,TRAIN_2072,TRAIN_2072.mp4,9,4,2
2073,TRAIN_2073,TRAIN_2073.mp4,7,4,2
2074,TRAIN_2074,TRAIN_2074.mp4,1,4,1
2075,TRAIN_2075,TRAIN_2075.mp4,0,4,0
2076,TRAIN_2076,TRAIN_2076.mp4,7,4,2
2077,TRAIN_2077,TRAIN_2077.mp4,0,4,0
2078,TRAIN_2078,TRAIN_2078.mp4,3,4,1
2079,TRAIN_2079,TRAIN_2079.mp4,0,4,0
2080,TRAIN_2080,TRAIN_2080.mp4,0,4,0
2081,TRAIN_2081,TRAIN_2081.mp4,0,4,0
2082,TRAIN_2082,TRAIN_2082.mp4,1,4,1
2083,TRAIN_2083,TRAIN_2083.mp4,0,4,0
2084,TRAIN_2084,TRAIN_2084.mp4,0,4,0
2085,TRAIN_2085,TRAIN_2085.mp4,0,4,0
2086,TRAIN_2086,TRAIN_2086.mp4,0,4,0
2087,TRAIN_2087,TRAIN_2087.mp4,0,4,0
2088,TRAIN_2088,TRAIN_2088.mp4,0,4,0
2089,TRAIN_2089,TRAIN_2089.mp4,0,4,0
2090,TRAIN_2090,TRAIN_2090.mp4,0,4,0
2091,TRAIN_2091,TRAIN_2091.mp4,0,4,0
2092,TRAIN_2092,TRAIN_2092.mp4,0,4,0
2093,TRAIN_2093,TRAIN_2093.mp4,0,4,0
2094,TRAIN_2094,TRAIN_2094.mp4,5,4,1
2095,TRAIN_2095,TRAIN_2095.mp4,0,4,0
2096,TRAIN_2096,TRAIN_2096.mp4,7,4,2
2097,TRAIN_2097,TRAIN_2097.mp4,0,4,0
2098,TRAIN_2098,TRAIN_2098.mp4,0,4,0
2099,TRAIN_2099,TRAIN_2099.mp4,0,4,0
2100,TRAIN_2100,TRAIN_2100.mp4,0,4,0
2101,TRAIN_2101,TRAIN_2101.mp4,0,4,0
2102,TRAIN_2102,TRAIN_2102.mp4,0,4,0
2103,TRAIN_2103,TRAIN_2103.mp4,0,4,0
2104,TRAIN_2104,TRAIN_2104.mp4,8,3,2
2105,TRAIN_2105,TRAIN_2105.mp4,0,4,0
2106,TRAIN_2106,TRAIN_2106.mp4,0,4,0
2107,TRAIN_2107,TRAIN_2107.mp4,0,4,0
2108,TRAIN_2108,TRAIN_2108.mp4,9,4,2
2109,TRAIN_2109,TRAIN_2109.mp4,0,4,0
2110,TRAIN_2110,TRAIN_2110.mp4,0,4,0
2111,TRAIN_2111,TRAIN_2111.mp4,0,4,0
2112,TRAIN_2112,TRAIN_2112.mp4,7,4,2
2113,TRAIN_2113,TRAIN_2113.mp4,0,4,0
2114,TRAIN_2114,TRAIN_2114.mp4,7,4,2
2115,TRAIN_2115,TRAIN_2115.mp4,0,4,0
2116,TRAIN_2116,TRAIN_2116.mp4,0,4,0
2117,TRAIN_2117,TRAIN_2117.mp4,0,4,0
2118,TRAIN_2118,TRAIN_2118.mp4,0,4,0
2119,TRAIN_2119,TRAIN_2119.mp4,0,4,0
2120,TRAIN_2120,TRAIN_2120.mp4,0,4,0
2121,TRAIN_2121,TRAIN_2121.mp4,1,4,1
2122,TRAIN_2122,TRAIN_2122.mp4,8,4,2
2123,TRAIN_2123,TRAIN_2123.mp4,0,4,0
2124,TRAIN_2124,TRAIN_2124.mp4,0,4,0
2125,TRAIN_2125,TRAIN_2125.mp4,1,4,1
2126,TRAIN_2126,TRAIN_2126.mp4,0,4,0
2127,TRAIN_2127,TRAIN_2127.mp4,0,4,0
2128,TRAIN_2128,TRAIN_2128.mp4,12,2,2
2129,TRAIN_2129,TRAIN_2129.mp4,0,4,0
2130,TRAIN_2130,TRAIN_2130.mp4,0,4,0
2131,TRAIN_2131,TRAIN_2131.mp4,0,4,0
2132,TRAIN_2132,TRAIN_2132.mp4,0,4,0
2133,TRAIN_2133,TRAIN_2133.mp4,0,4,0
2134,TRAIN_2134,TRAIN_2134.mp4,0,4,0
2135,TRAIN_2135,TRAIN_2135.mp4,7,4,2
2136,TRAIN_2136,TRAIN_2136.mp4,0,4,0
2137,TRAIN_2137,TRAIN_2137.mp4,7,4,2
2138,TRAIN_2138,TRAIN_2138.mp4,0,4,0
2139,TRAIN_2139,TRAIN_2139.mp4,0,4,0
2140,TRAIN_2140,TRAIN_2140.mp4,1,4,1
2141,TRAIN_2141,TRAIN_2141.mp4,7,4,2
2142,TRAIN_2142,TRAIN_2142.mp4,0,4,0
2143,TRAIN_2143,TRAIN_2143.mp4,3,4,1
2144,TRAIN_2144,TRAIN_2144.mp4,7,4,2
2145,TRAIN_2145,TRAIN_2145.mp4,0,4,0
2146,TRAIN_2146,TRAIN_2146.mp4,0,4,0
2147,TRAIN_2147,TRAIN_2147.mp4,9,4,2
2148,TRAIN_2148,TRAIN_2148.mp4,1,4,1
2149,TRAIN_2149,TRAIN_2149.mp4,0,4,0
2150,TRAIN_2150,TRAIN_2150.mp4,0,4,0
2151,TRAIN_2151,TRAIN_2151.mp4,0,4,0
2152,TRAIN_2152,TRAIN_2152.mp4,0,4,0
2153,TRAIN_2153,TRAIN_2153.mp4,0,4,0
2154,TRAIN_2154,TRAIN_2154.mp4,0,4,0
2155,TRAIN_2155,TRAIN_2155.mp4,1,4,1
2156,TRAIN_2156,TRAIN_2156.mp4,0,4,0
2157,TRAIN_2157,TRAIN_2157.mp4,0,4,0
2158,TRAIN_2158,TRAIN_2158.mp4,7,4,2
2159,TRAIN_2159,TRAIN_2159.mp4,1,4,1
2160,TRAIN_2160,TRAIN_2160.mp4,7,4,2
2161,TRAIN_2161,TRAIN_2161.mp4,0,4,0
2162,TRAIN_2162,TRAIN_2162.mp4,7,4,2
2163,TRAIN_2163,TRAIN_2163.mp4,7,4,2
2164,TRAIN_2164,TRAIN_2164.mp4,0,4,0
2165,TRAIN_2165,TRAIN_2165.mp4,3,4,1
2166,TRAIN_2166,TRAIN_2166.mp4,3,4,1
2167,TRAIN_2167,TRAIN_2167.mp4,9,4,2
2168,TRAIN_2168,TRAIN_2168.mp4,0,4,0
2169,TRAIN_2169,TRAIN_2169.mp4,0,4,0
2170,TRAIN_2170,TRAIN_2170.mp4,0,4,0
2171,TRAIN_2171,TRAIN_2171.mp4,1,4,1
2172,TRAIN_2172,TRAIN_2172.mp4,0,4,0
2173,TRAIN_2173,TRAIN_2173.mp4,0,4,0
2174,TRAIN_2174,TRAIN_2174.mp4,0,4,0
2175,TRAIN_2175,TRAIN_2175.mp4,1,4,1
2176,TRAIN_2176,TRAIN_2176.mp4,0,4,0
2177,TRAIN_2177,TRAIN_2177.mp4,0,4,0
2178,TRAIN_2178,TRAIN_2178.mp4,9,4,2
2179,TRAIN_2179,TRAIN_2179.mp4,0,4,0
2180,TRAIN_2180,TRAIN_2180.mp4,2,4,1
2181,TRAIN_2181,TRAIN_2181.mp4,0,4,0
2182,TRAIN_2182,TRAIN_2182.mp4,0,4,0
2183,TRAIN_2183,TRAIN_2183.mp4,0,4,0
2184,TRAIN_2184,TRAIN_2184.mp4,0,4,0
2185,TRAIN_2185,TRAIN_2185.mp4,0,4,0
2186,TRAIN_2186,TRAIN_2186.mp4,1,4,1
2187,TRAIN_2187,TRAIN_2187.mp4,12,3,2
2188,TRAIN_2188,TRAIN_2188.mp4,0,4,0
2189,TRAIN_2189,TRAIN_2189.mp4,1,4,1
2190,TRAIN_2190,TRAIN_2190.mp4,1,4,1
2191,TRAIN_2191,TRAIN_2191.mp4,3,4,1
2192,TRAIN_2192,TRAIN_2192.mp4,4,4,1
2193,TRAIN_2193,TRAIN_2193.mp4,2,5,1
2194,TRAIN_2194,TRAIN_2194.mp4,0,4,0
2195,TRAIN_2195,TRAIN_2195.mp4,1,4,1
2196,TRAIN_2196,TRAIN_2196.mp4,0,4,0
2197,TRAIN_2197,TRAIN_2197.mp4,1,4,1
2198,TRAIN_2198,TRAIN_2198.mp4,8,4,2
2199,TRAIN_2199,TRAIN_2199.mp4,1,4,1
2200,TRAIN_2200,TRAIN_2200.mp4,0,4,0
2201,TRAIN_2201,TRAIN_2201.mp4,0,4,0
2202,TRAIN_2202,TRAIN_2202.mp4,0,4,0
2203,TRAIN_2203,TRAIN_2203.mp4,3,4,1
2204,TRAIN_2204,TRAIN_2204.mp4,7,4,2
2205,TRAIN_2205,TRAIN_2205.mp4,0,4,0
2206,TRAIN_2206,TRAIN_2206.mp4,0,4,0
2207,TRAIN_2207,TRAIN_2207.mp4,9,4,2
2208,TRAIN_2208,TRAIN_2208.mp4,0,4,0
2209,TRAIN_2209,TRAIN_2209.mp4,0,4,0
2210,TRAIN_2210,TRAIN_2210.mp4,0,4,0
2211,TRAIN_2211,TRAIN_2211.mp4,0,4,0
2212,TRAIN_2212,TRAIN_2212.mp4,0,4,0
2213,TRAIN_2213,TRAIN_2213.mp4,7,4,2
2214,TRAIN_2214,TRAIN_2214.mp4,0,4,0
2215,TRAIN_2215,TRAIN_2215.mp4,0,4,0
2216,TRAIN_2216,TRAIN_2216.mp4,0,4,0
2217,TRAIN_2217,TRAIN_2217.mp4,0,4,0
2218,TRAIN_2218,TRAIN_2218.mp4,1,4,1
2219,TRAIN_2219,TRAIN_2219.mp4,0,4,0
2220,TRAIN_2220,TRAIN_2220.mp4,1,5,1
2221,TRAIN_2221,TRAIN_2221.mp4,0,4,0
2222,TRAIN_2222,TRAIN_2222.mp4,1,5,1
2223,TRAIN_2223,TRAIN_2223.mp4,7,4,2
2224,TRAIN_2224,TRAIN_2224.mp4,7,4,2
2225,TRAIN_2225,TRAIN_2225.mp4,0,4,0
2226,TRAIN_2226,TRAIN_2226.mp4,0,4,0
2227,TRAIN_2227,TRAIN_2227.mp4,0,4,0
2228,TRAIN_2228,TRAIN_2228.mp4,0,4,0
2229,TRAIN_2229,TRAIN_2229.mp4,0,4,0
2230,TRAIN_2230,TRAIN_2230.mp4,1,5,1
2231,TRAIN_2231,TRAIN_2231.mp4,4,4,1
2232,TRAIN_2232,TRAIN_2232.mp4,0,4,0
2233,TRAIN_2233,TRAIN_2233.mp4,0,4,0
2234,TRAIN_2234,TRAIN_2234.mp4,0,4,0
2235,TRAIN_2235,TRAIN_2235.mp4,0,4,0
2236,TRAIN_2236,TRAIN_2236.mp4,8,4,2
2237,TRAIN_2237,TRAIN_2237.mp4,0,4,0
2238,TRAIN_2238,TRAIN_2238.mp4,0,4,0
2239,TRAIN_2239,TRAIN_2239.mp4,7,4,2
2240,TRAIN_2240,TRAIN_2240.mp4,7,4,2
2241,TRAIN_2241,TRAIN_2241.mp4,0,4,0
2242,TRAIN_2242,TRAIN_2242.mp4,7,5,2
2243,TRAIN_2243,TRAIN_2243.mp4,0,4,0
2244,TRAIN_2244,TRAIN_2244.mp4,0,5,0
2245,TRAIN_2245,TRAIN_2245.mp4,0,5,0
2246,TRAIN_2246,TRAIN_2246.mp4,9,5,2
2247,TRAIN_2247,TRAIN_2247.mp4,0,5,0
2248,TRAIN_2248,TRAIN_2248.mp4,1,5,1
2249,TRAIN_2249,TRAIN_2249.mp4,1,5,1
2250,TRAIN_2250,TRAIN_2250.mp4,0,5,0
2251,TRAIN_2251,TRAIN_2251.mp4,7,5,2
2252,TRAIN_2252,TRAIN_2252.mp4,0,5,0
2253,TRAIN_2253,TRAIN_2253.mp4,0,5,0
2254,TRAIN_2254,TRAIN_2254.mp4,0,5,0
2255,TRAIN_2255,TRAIN_2255.mp4,0,5,0
2256,TRAIN_2256,TRAIN_2256.mp4,0,5,0
2257,TRAIN_2257,TRAIN_2257.mp4,0,5,0
2258,TRAIN_2258,TRAIN_2258.mp4,1,5,1
2259,TRAIN_2259,TRAIN_2259.mp4,0,5,0
2260,TRAIN_2260,TRAIN_2260.mp4,7,5,2
2261,TRAIN_2261,TRAIN_2261.mp4,0,5,0
2262,TRAIN_2262,TRAIN_2262.mp4,0,5,0
2263,TRAIN_2263,TRAIN_2263.mp4,1,5,1
2264,TRAIN_2264,TRAIN_2264.mp4,0,5,0
2265,TRAIN_2265,TRAIN_2265.mp4,7,5,2
2266,TRAIN_2266,TRAIN_2266.mp4,0,5,0
2267,TRAIN_2267,TRAIN_2267.mp4,0,5,0
2268,TRAIN_2268,TRAIN_2268.mp4,0,5,0
2269,TRAIN_2269,TRAIN_2269.mp4,0,5,0
2270,TRAIN_2270,TRAIN_2270.mp4,0,5,0
2271,TRAIN_2271,TRAIN_2271.mp4,0,5,0
2272,TRAIN_2272,TRAIN_2272.mp4,0,5,0
2273,TRAIN_2273,TRAIN_2273.mp4,11,4,2
2274,TRAIN_2274,TRAIN_2274.mp4,0,5,0
2275,TRAIN_2275,TRAIN_2275.mp4,4,5,1
2276,TRAIN_2276,TRAIN_2276.mp4,0,5,0
2277,TRAIN_2277,TRAIN_2277.mp4,0,5,0
2278,TRAIN_2278,TRAIN_2278.mp4,0,5,0
2279,TRAIN_2279,TRAIN_2279.mp4,0,5,0
2280,TRAIN_2280,TRAIN_2280.mp4,0,5,0
2281,TRAIN_2281,TRAIN_2281.mp4,1,5,1
2282,TRAIN_2282,TRAIN_2282.mp4,0,5,0
2283,TRAIN_2283,TRAIN_2283.mp4,1,5,1
2284,TRAIN_2284,TRAIN_2284.mp4,1,5,1
2285,TRAIN_2285,TRAIN_2285.mp4,0,5,0
2286,TRAIN_2286,TRAIN_2286.mp4,0,5,0
2287,TRAIN_2287,TRAIN_2287.mp4,11,5,2
2288,TRAIN_2288,TRAIN_2288.mp4,0,5,0
2289,TRAIN_2289,TRAIN_2289.mp4,0,5,0
2290,TRAIN_2290,TRAIN_2290.mp4,1,5,1
2291,TRAIN_2291,TRAIN_2291.mp4,3,4,1
2292,TRAIN_2292,TRAIN_2292.mp4,0,5,0
2293,TRAIN_2293,TRAIN_2293.mp4,4,5,1
2294,TRAIN_2294,TRAIN_2294.mp4,0,5,0
2295,TRAIN_2295,TRAIN_2295.mp4,3,4,1
2296,TRAIN_2296,TRAIN_2296.mp4,0,5,0
2297,TRAIN_2297,TRAIN_2297.mp4,0,5,0
2298,TRAIN_2298,TRAIN_2298.mp4,1,5,1
2299,TRAIN_2299,TRAIN_2299.mp4,3,5,1
2300,TRAIN_2300,TRAIN_2300.mp4,0,5,0
2301,TRAIN_2301,TRAIN_2301.mp4,0,5,0
2302,TRAIN_2302,TRAIN_2302.mp4,7,5,2
2303,TRAIN_2303,TRAIN_2303.mp4,0,5,0
2304,TRAIN_2304,TRAIN_2304.mp4,7,5,2
2305,TRAIN_2305,TRAIN_2305.mp4,1,5,1
2306,TRAIN_2306,TRAIN_2306.mp4,7,5,2
2307,TRAIN_2307,TRAIN_2307.mp4,0,5,0
2308,TRAIN_2308,TRAIN_2308.mp4,0,5,0
2309,TRAIN_2309,TRAIN_2309.mp4,0,5,0
2310,TRAIN_2310,TRAIN_2310.mp4,0,5,0
2311,TRAIN_2311,TRAIN_2311.mp4,0,5,0
2312,TRAIN_2312,TRAIN_2312.mp4,0,5,0
2313,TRAIN_2313,TRAIN_2313.mp4,0,5,0
2314,TRAIN_2314,TRAIN_2314.mp4,7,5,2
2315,TRAIN_2315,TRAIN_2315.mp4,0,5,0
2316,TRAIN_2316,TRAIN_2316.mp4,0,5,0
2317,TRAIN_2317,TRAIN_2317.mp4,0,5,0
2318,TRAIN_2318,TRAIN_2318.mp4,0,5,0
2319,TRAIN_2319,TRAIN_2319.mp4,0,5,0
2320,TRAIN_2320,TRAIN_2320.mp4,8,4,2
2321,TRAIN_2321,TRAIN_2321.mp4,0,5,0
2322,TRAIN_2322,TRAIN_2322.mp4,0,5,0
2323,TRAIN_2323,TRAIN_2323.mp4,0,5,0
2324,TRAIN_2324,TRAIN_2324.mp4,0,5,0
2325,TRAIN_2325,TRAIN_2325.mp4,0,5,0
2326,TRAIN_2326,TRAIN_2326.mp4,0,5,0
2327,TRAIN_2327,TRAIN_2327.mp4,0,5,0
2328,TRAIN_2328,TRAIN_2328.mp4,9,5,2
2329,TRAIN_2329,TRAIN_2329.mp4,0,5,0
2330,TRAIN_2330,TRAIN_2330.mp4,0,5,0
2331,TRAIN_2331,TRAIN_2331.mp4,0,5,0
2332,TRAIN_2332,TRAIN_2332.mp4,7,5,2
2333,TRAIN_2333,TRAIN_2333.mp4,0,5,0
2334,TRAIN_2334,TRAIN_2334.mp4,0,5,0
2335,TRAIN_2335,TRAIN_2335.mp4,0,5,0
2336,TRAIN_2336,TRAIN_2336.mp4,0,5,0
2337,TRAIN_2337,TRAIN_2337.mp4,1,5,1
2338,TRAIN_2338,TRAIN_2338.mp4,0,5,0
2339,TRAIN_2339,TRAIN_2339.mp4,0,5,0
2340,TRAIN_2340,TRAIN_2340.mp4,0,5,0
2341,TRAIN_2341,TRAIN_2341.mp4,0,5,0
2342,TRAIN_2342,TRAIN_2342.mp4,0,5,0
2343,TRAIN_2343,TRAIN_2343.mp4,0,5,0
2344,TRAIN_2344,TRAIN_2344.mp4,0,5,0
2345,TRAIN_2345,TRAIN_2345.mp4,0,5,0
2346,TRAIN_2346,TRAIN_2346.mp4,0,5,0
2347,TRAIN_2347,TRAIN_2347.mp4,0,5,0
2348,TRAIN_2348,TRAIN_2348.mp4,0,5,0
2349,TRAIN_2349,TRAIN_2349.mp4,1,5,1
2350,TRAIN_2350,TRAIN_2350.mp4,2,5,1
2351,TRAIN_2351,TRAIN_2351.mp4,0,5,0
2352,TRAIN_2352,TRAIN_2352.mp4,1,5,1
2353,TRAIN_2353,TRAIN_2353.mp4,0,5,0
2354,TRAIN_2354,TRAIN_2354.mp4,0,5,0
2355,TRAIN_2355,TRAIN_2355.mp4,0,5,0
2356,TRAIN_2356,TRAIN_2356.mp4,5,4,1
2357,TRAIN_2357,TRAIN_2357.mp4,9,5,2
2358,TRAIN_2358,TRAIN_2358.mp4,0,5,0
2359,TRAIN_2359,TRAIN_2359.mp4,12,4,2
2360,TRAIN_2360,TRAIN_2360.mp4,1,5,1
2361,TRAIN_2361,TRAIN_2361.mp4,0,5,0
2362,TRAIN_2362,TRAIN_2362.mp4,0,5,0
2363,TRAIN_2363,TRAIN_2363.mp4,11,5,2
2364,TRAIN_2364,TRAIN_2364.mp4,0,5,0
2365,TRAIN_2365,TRAIN_2365.mp4,0,5,0
2366,TRAIN_2366,TRAIN_2366.mp4,7,5,2
2367,TRAIN_2367,TRAIN_2367.mp4,0,5,0
2368,TRAIN_2368,TRAIN_2368.mp4,0,5,0
2369,TRAIN_2369,TRAIN_2369.mp4,7,5,2
2370,TRAIN_2370,TRAIN_2370.mp4,0,5,0
2371,TRAIN_2371,TRAIN_2371.mp4,0,5,0
2372,TRAIN_2372,TRAIN_2372.mp4,0,5,0
2373,TRAIN_2373,TRAIN_2373.mp4,0,5,0
2374,TRAIN_2374,TRAIN_2374.mp4,0,5,0
2375,TRAIN_2375,TRAIN_2375.mp4,7,5,2
2376,TRAIN_2376,TRAIN_2376.mp4,0,5,0
2377,TRAIN_2377,TRAIN_2377.mp4,1,5,1
2378,TRAIN_2378,TRAIN_2378.mp4,0,5,0
2379,TRAIN_2379,TRAIN_2379.mp4,7,5,2
2380,TRAIN_2380,TRAIN_2380.mp4,0,5,0
2381,TRAIN_2381,TRAIN_2381.mp4,7,5,2
2382,TRAIN_2382,TRAIN_2382.mp4,0,5,0
2383,TRAIN_2383,TRAIN_2383.mp4,7,5,2
2384,TRAIN_2384,TRAIN_2384.mp4,0,5,0
2385,TRAIN_2385,TRAIN_2385.mp4,0,5,0
2386,TRAIN_2386,TRAIN_2386.mp4,0,5,0
2387,TRAIN_2387,TRAIN_2387.mp4,0,5,0
2388,TRAIN_2388,TRAIN_2388.mp4,1,5,1
2389,TRAIN_2389,TRAIN_2389.mp4,0,5,0
2390,TRAIN_2390,TRAIN_2390.mp4,0,5,0
2391,TRAIN_2391,TRAIN_2391.mp4,8,4,2
2392,TRAIN_2392,TRAIN_2392.mp4,0,5,0
2393,TRAIN_2393,TRAIN_2393.mp4,7,5,2
2394,TRAIN_2394,TRAIN_2394.mp4,7,5,2
2395,TRAIN_2395,TRAIN_2395.mp4,0,5,0
2396,TRAIN_2396,TRAIN_2396.mp4,1,5,1
2397,TRAIN_2397,TRAIN_2397.mp4,0,5,0
2398,TRAIN_2398,TRAIN_2398.mp4,0,5,0
2399,TRAIN_2399,TRAIN_2399.mp4,0,5,0
2400,TRAIN_2400,TRAIN_2400.mp4,7,5,2
2401,TRAIN_2401,TRAIN_2401.mp4,1,5,1
2402,TRAIN_2402,TRAIN_2402.mp4,1,5,1
2403,TRAIN_2403,TRAIN_2403.mp4,0,5,0
2404,TRAIN_2404,TRAIN_2404.mp4,3,5,1
2405,TRAIN_2405,TRAIN_2405.mp4,0,5,0
2406,TRAIN_2406,TRAIN_2406.mp4,1,5,1
2407,TRAIN_2407,TRAIN_2407.mp4,0,5,0
2408,TRAIN_2408,TRAIN_2408.mp4,0,5,0
2409,TRAIN_2409,TRAIN_2409.mp4,0,5,0
2410,TRAIN_2410,TRAIN_2410.mp4,0,5,0
2411,TRAIN_2411,TRAIN_2411.mp4,0,5,0
2412,TRAIN_2412,TRAIN_2412.mp4,2,5,1
2413,TRAIN_2413,TRAIN_2413.mp4,0,5,0
2414,TRAIN_2414,TRAIN_2414.mp4,0,5,0
2415,TRAIN_2415,TRAIN_2415.mp4,0,5,0
2416,TRAIN_2416,TRAIN_2416.mp4,0,5,0
2417,TRAIN_2417,TRAIN_2417.mp4,0,5,0
2418,TRAIN_2418,TRAIN_2418.mp4,5,4,1
2419,TRAIN_2419,TRAIN_2419.mp4,0,5,0
2420,TRAIN_2420,TRAIN_2420.mp4,7,5,2
2421,TRAIN_2421,TRAIN_2421.mp4,5,4,1
2422,TRAIN_2422,TRAIN_2422.mp4,9,5,2
2423,TRAIN_2423,TRAIN_2423.mp4,0,5,0
2424,TRAIN_2424,TRAIN_2424.mp4,0,5,0
2425,TRAIN_2425,TRAIN_2425.mp4,0,5,0
2426,TRAIN_2426,TRAIN_2426.mp4,0,5,0
2427,TRAIN_2427,TRAIN_2427.mp4,0,5,0
2428,TRAIN_2428,TRAIN_2428.mp4,7,5,2
2429,TRAIN_2429,TRAIN_2429.mp4,3,5,1
2430,TRAIN_2430,TRAIN_2430.mp4,0,5,0
2431,TRAIN_2431,TRAIN_2431.mp4,1,5,1
2432,TRAIN_2432,TRAIN_2432.mp4,1,5,1
2433,TRAIN_2433,TRAIN_2433.mp4,8,5,2
2434,TRAIN_2434,TRAIN_2434.mp4,0,5,0
2435,TRAIN_2435,TRAIN_2435.mp4,1,5,1
2436,TRAIN_2436,TRAIN_2436.mp4,0,5,0
2437,TRAIN_2437,TRAIN_2437.mp4,1,5,1
2438,TRAIN_2438,TRAIN_2438.mp4,0,5,0
2439,TRAIN_2439,TRAIN_2439.mp4,7,5,2
2440,TRAIN_2440,TRAIN_2440.mp4,1,5,1
2441,TRAIN_2441,TRAIN_2441.mp4,1,5,1
2442,TRAIN_2442,TRAIN_2442.mp4,0,5,0
2443,TRAIN_2443,TRAIN_2443.mp4,0,5,0
2444,TRAIN_2444,TRAIN_2444.mp4,0,5,0
2445,TRAIN_2445,TRAIN_2445.mp4,0,5,0
2446,TRAIN_2446,TRAIN_2446.mp4,0,5,0
2447,TRAIN_2447,TRAIN_2447.mp4,1,5,1
2448,TRAIN_2448,TRAIN_2448.mp4,0,5,0
2449,TRAIN_2449,TRAIN_2449.mp4,8,5,2
2450,TRAIN_2450,TRAIN_2450.mp4,0,5,0
2451,TRAIN_2451,TRAIN_2451.mp4,7,5,2
2452,TRAIN_2452,TRAIN_2452.mp4,0,5,0
2453,TRAIN_2453,TRAIN_2453.mp4,0,5,0
2454,TRAIN_2454,TRAIN_2454.mp4,0,5,0
2455,TRAIN_2455,TRAIN_2455.mp4,2,5,1
2456,TRAIN_2456,TRAIN_2456.mp4,0,5,0
2457,TRAIN_2457,TRAIN_2457.mp4,0,5,0
2458,TRAIN_2458,TRAIN_2458.mp4,0,5,0
2459,TRAIN_2459,TRAIN_2459.mp4,2,5,1
2460,TRAIN_2460,TRAIN_2460.mp4,0,5,0
2461,TRAIN_2461,TRAIN_2461.mp4,0,5,0
2462,TRAIN_2462,TRAIN_2462.mp4,3,5,1
2463,TRAIN_2463,TRAIN_2463.mp4,0,5,0
2464,TRAIN_2464,TRAIN_2464.mp4,0,5,0
2465,TRAIN_2465,TRAIN_2465.mp4,0,5,0
2466,TRAIN_2466,TRAIN_2466.mp4,7,5,2
2467,TRAIN_2467,TRAIN_2467.mp4,3,5,1
2468,TRAIN_2468,TRAIN_2468.mp4,7,5,2
2469,TRAIN_2469,TRAIN_2469.mp4,0,5,0
2470,TRAIN_2470,TRAIN_2470.mp4,0,5,0
2471,TRAIN_2471,TRAIN_2471.mp4,0,5,0
2472,TRAIN_2472,TRAIN_2472.mp4,0,5,0
2473,TRAIN_2473,TRAIN_2473.mp4,0,5,0
2474,TRAIN_2474,TRAIN_2474.mp4,0,5,0
2475,TRAIN_2475,TRAIN_2475.mp4,0,5,0
2476,TRAIN_2476,TRAIN_2476.mp4,3,5,1
2477,TRAIN_2477,TRAIN_2477.mp4,0,5,0
2478,TRAIN_2478,TRAIN_2478.mp4,0,5,0
2479,TRAIN_2479,TRAIN_2479.mp4,3,5,1
2480,TRAIN_2480,TRAIN_2480.mp4,5,4,1
2481,TRAIN_2481,TRAIN_2481.mp4,0,5,0
2482,TRAIN_2482,TRAIN_2482.mp4,0,5,0
2483,TRAIN_2483,TRAIN_2483.mp4,0,5,0
2484,TRAIN_2484,TRAIN_2484.mp4,0,5,0
2485,TRAIN_2485,TRAIN_2485.mp4,0,5,0
2486,TRAIN_2486,TRAIN_2486.mp4,1,5,1
2487,TRAIN_2487,TRAIN_2487.mp4,0,5,0
2488,TRAIN_2488,TRAIN_2488.mp4,0,5,0
2489,TRAIN_2489,TRAIN_2489.mp4,0,5,0
2490,TRAIN_2490,TRAIN_2490.mp4,7,5,2
2491,TRAIN_2491,TRAIN_2491.mp4,7,5,2
2492,TRAIN_2492,TRAIN_2492.mp4,0,5,0
2493,TRAIN_2493,TRAIN_2493.mp4,0,5,0
2494,TRAIN_2494,TRAIN_2494.mp4,0,5,0
2495,TRAIN_2495,TRAIN_2495.mp4,1,5,1
2496,TRAIN_2496,TRAIN_2496.mp4,1,5,1
2497,TRAIN_2497,TRAIN_2497.mp4,0,5,0
2498,TRAIN_2498,TRAIN_2498.mp4,0,5,0
2499,TRAIN_2499,TRAIN_2499.mp4,0,5,0
2500,TRAIN_2500,TRAIN_2500.mp4,0,5,0
2501,TRAIN_2501,TRAIN_2501.mp4,0,5,0
2502,TRAIN_2502,TRAIN_2502.mp4,0,5,0
2503,TRAIN_2503,TRAIN_2503.mp4,0,5,0
2504,TRAIN_2504,TRAIN_2504.mp4,0,5,0
2505,TRAIN_2505,TRAIN_2505.mp4,1,5,1
2506,TRAIN_2506,TRAIN_2506.mp4,0,5,0
2507,TRAIN_2507,TRAIN_2507.mp4,0,5,0
2508,TRAIN_2508,TRAIN_2508.mp4,0,5,0
2509,TRAIN_2509,TRAIN_2509.mp4,0,5,0
2510,TRAIN_2510,TRAIN_2510.mp4,0,5,0
2511,TRAIN_2511,TRAIN_2511.mp4,0,5,0
2512,TRAIN_2512,TRAIN_2512.mp4,0,5,0
2513,TRAIN_2513,TRAIN_2513.mp4,5,5,1
2514,TRAIN_2514,TRAIN_2514.mp4,0,5,0
2515,TRAIN_2515,TRAIN_2515.mp4,0,5,0
2516,TRAIN_2516,TRAIN_2516.mp4,0,5,0
2517,TRAIN_2517,TRAIN_2517.mp4,0,5,0
2518,TRAIN_2518,TRAIN_2518.mp4,0,5,0
2519,TRAIN_2519,TRAIN_2519.mp4,0,5,0
2520,TRAIN_2520,TRAIN_2520.mp4,0,5,0
2521,TRAIN_2521,TRAIN_2521.mp4,1,5,1
2522,TRAIN_2522,TRAIN_2522.mp4,7,5,2
2523,TRAIN_2523,TRAIN_2523.mp4,1,5,1
2524,TRAIN_2524,TRAIN_2524.mp4,0,5,0
2525,TRAIN_2525,TRAIN_2525.mp4,1,5,1
2526,TRAIN_2526,TRAIN_2526.mp4,7,5,2
2527,TRAIN_2527,TRAIN_2527.mp4,0,5,0
2528,TRAIN_2528,TRAIN_2528.mp4,5,5,1
2529,TRAIN_2529,TRAIN_2529.mp4,0,5,0
2530,TRAIN_2530,TRAIN_2530.mp4,5,5,1
2531,TRAIN_2531,TRAIN_2531.mp4,0,5,0
2532,TRAIN_2532,TRAIN_2532.mp4,1,5,1
2533,TRAIN_2533,TRAIN_2533.mp4,0,5,0
2534,TRAIN_2534,TRAIN_2534.mp4,7,5,2
2535,TRAIN_2535,TRAIN_2535.mp4,0,5,0
2536,TRAIN_2536,TRAIN_2536.mp4,0,5,0
2537,TRAIN_2537,TRAIN_2537.mp4,0,5,0
2538,TRAIN_2538,TRAIN_2538.mp4,0,5,0
2539,TRAIN_2539,TRAIN_2539.mp4,0,5,0
2540,TRAIN_2540,TRAIN_2540.mp4,0,5,0
2541,TRAIN_2541,TRAIN_2541.mp4,12,5,2
2542,TRAIN_2542,TRAIN_2542.mp4,0,5,0
2543,TRAIN_2543,TRAIN_2543.mp4,0,5,0
2544,TRAIN_2544,TRAIN_2544.mp4,8,5,2
2545,TRAIN_2545,TRAIN_2545.mp4,0,5,0
2546,TRAIN_2546,TRAIN_2546.mp4,0,5,0
2547,TRAIN_2547,TRAIN_2547.mp4,1,5,1
2548,TRAIN_2548,TRAIN_2548.mp4,7,5,2
2549,TRAIN_2549,TRAIN_2549.mp4,0,5,0
2550,TRAIN_2550,TRAIN_2550.mp4,0,5,0
2551,TRAIN_2551,TRAIN_2551.mp4,0,5,0
2552,TRAIN_2552,TRAIN_2552.mp4,0,5,0
2553,TRAIN_2553,TRAIN_2553.mp4,1,5,1
2554,TRAIN_2554,TRAIN_2554.mp4,1,5,1
2555,TRAIN_2555,TRAIN_2555.mp4,3,5,1
2556,TRAIN_2556,TRAIN_2556.mp4,7,5,2
2557,TRAIN_2557,TRAIN_2557.mp4,0,5,0
2558,TRAIN_2558,TRAIN_2558.mp4,7,5,2
2559,TRAIN_2559,TRAIN_2559.mp4,0,5,0
2560,TRAIN_2560,TRAIN_2560.mp4,0,5,0
2561,TRAIN_2561,TRAIN_2561.mp4,0,5,0
2562,TRAIN_2562,TRAIN_2562.mp4,0,5,0
2563,TRAIN_2563,TRAIN_2563.mp4,2,5,1
2564,TRAIN_2564,TRAIN_2564.mp4,1,5,1
2565,TRAIN_2565,TRAIN_2565.mp4,0,5,0
2566,TRAIN_2566,TRAIN_2566.mp4,0,5,0
2567,TRAIN_2567,TRAIN_2567.mp4,0,5,0
2568,TRAIN_2568,TRAIN_2568.mp4,0,5,0
2569,TRAIN_2569,TRAIN_2569.mp4,0,5,0
2570,TRAIN_2570,TRAIN_2570.mp4,1,5,1
2571,TRAIN_2571,TRAIN_2571.mp4,2,5,1
2572,TRAIN_2572,TRAIN_2572.mp4,0,5,0
2573,TRAIN_2573,TRAIN_2573.mp4,0,5,0
2574,TRAIN_2574,TRAIN_2574.mp4,9,5,2
2575,TRAIN_2575,TRAIN_2575.mp4,0,5,0
2576,TRAIN_2576,TRAIN_2576.mp4,1,5,1
2577,TRAIN_2577,TRAIN_2577.mp4,0,5,0
2578,TRAIN_2578,TRAIN_2578.mp4,1,5,1
2579,TRAIN_2579,TRAIN_2579.mp4,0,5,0
2580,TRAIN_2580,TRAIN_2580.mp4,0,5,0
2581,TRAIN_2581,TRAIN_2581.mp4,0,5,0
2582,TRAIN_2582,TRAIN_2582.mp4,1,5,1
2583,TRAIN_2583,TRAIN_2583.mp4,0,5,0
2584,TRAIN_2584,TRAIN_2584.mp4,0,5,0
2585,TRAIN_2585,TRAIN_2585.mp4,7,5,2
2586,TRAIN_2586,TRAIN_2586.mp4,0,5,0
2587,TRAIN_2587,TRAIN_2587.mp4,0,5,0
2588,TRAIN_2588,TRAIN_2588.mp4,11,5,2
2589,TRAIN_2589,TRAIN_2589.mp4,0,5,0
2590,TRAIN_2590,TRAIN_2590.mp4,1,5,1
2591,TRAIN_2591,TRAIN_2591.mp4,7,5,2
2592,TRAIN_2592,TRAIN_2592.mp4,3,5,1
2593,TRAIN_2593,TRAIN_2593.mp4,0,5,0
2594,TRAIN_2594,TRAIN_2594.mp4,0,5,0
2595,TRAIN_2595,TRAIN_2595.mp4,2,5,1
2596,TRAIN_2596,TRAIN_2596.mp4,11,5,2
2597,TRAIN_2597,TRAIN_2597.mp4,0,5,0
2598,TRAIN_2598,TRAIN_2598.mp4,0,5,0
2599,TRAIN_2599,TRAIN_2599.mp4,7,5,2
2600,TRAIN_2600,TRAIN_2600.mp4,1,5,1
2601,TRAIN_2601,TRAIN_2601.mp4,0,5,0
2602,TRAIN_2602,TRAIN_2602.mp4,0,5,0
2603,TRAIN_2603,TRAIN_2603.mp4,7,5,2
2604,TRAIN_2604,TRAIN_2604.mp4,11,5,2
2605,TRAIN_2605,TRAIN_2605.mp4,0,5,0
2606,TRAIN_2606,TRAIN_2606.mp4,0,5,0
2607,TRAIN_2607,TRAIN_2607.mp4,7,5,2
2608,TRAIN_2608,TRAIN_2608.mp4,0,5,0
2609,TRAIN_2609,TRAIN_2609.mp4,0,5,0
2610,TRAIN_2610,TRAIN_2610.mp4,0,5,0
2611,TRAIN_2611,TRAIN_2611.mp4,0,5,0
2612,TRAIN_2612,TRAIN_2612.mp4,0,5,0
2613,TRAIN_2613,TRAIN_2613.mp4,7,5,2
2614,TRAIN_2614,TRAIN_2614.mp4,0,5,0
2615,TRAIN_2615,TRAIN_2615.mp4,7,5,2
2616,TRAIN_2616,TRAIN_2616.mp4,0,5,0
2617,TRAIN_2617,TRAIN_2617.mp4,0,5,0
2618,TRAIN_2618,TRAIN_2618.mp4,7,5,2
2619,TRAIN_2619,TRAIN_2619.mp4,0,5,0
2620,TRAIN_2620,TRAIN_2620.mp4,7,5,2
2621,TRAIN_2621,TRAIN_2621.mp4,0,5,0
2622,TRAIN_2622,TRAIN_2622.mp4,3,5,1
2623,TRAIN_2623,TRAIN_2623.mp4,0,5,0
2624,TRAIN_2624,TRAIN_2624.mp4,0,5,0
2625,TRAIN_2625,TRAIN_2625.mp4,0,5,0
2626,TRAIN_2626,TRAIN_2626.mp4,8,5,2
2627,TRAIN_2627,TRAIN_2627.mp4,1,5,1
2628,TRAIN_2628,TRAIN_2628.mp4,0,5,0
2629,TRAIN_2629,TRAIN_2629.mp4,1,5,1
2630,TRAIN_2630,TRAIN_2630.mp4,7,5,2
2631,TRAIN_2631,TRAIN_2631.mp4,0,5,0
2632,TRAIN_2632,TRAIN_2632.mp4,0,5,0
2633,TRAIN_2633,TRAIN_2633.mp4,0,5,0
2634,TRAIN_2634,TRAIN_2634.mp4,1,5,1
2635,TRAIN_2635,TRAIN_2635.mp4,5,5,1
2636,TRAIN_2636,TRAIN_2636.mp4,0,5,0
2637,TRAIN_2637,TRAIN_2637.mp4,0,5,0
2638,TRAIN_2638,TRAIN_2638.mp4,0,5,0
2639,TRAIN_2639,TRAIN_2639.mp4,0,5,0
2640,TRAIN_2640,TRAIN_2640.mp4,7,5,2
2641,TRAIN_2641,TRAIN_2641.mp4,0,5,0
2642,TRAIN_2642,TRAIN_2642.mp4,0,5,0
2643,TRAIN_2643,TRAIN_2643.mp4,0,5,0
2644,TRAIN_2644,TRAIN_2644.mp4,0,5,0
2645,TRAIN_2645,TRAIN_2645.mp4,7,5,2
2646,TRAIN_2646,TRAIN_2646.mp4,0,5,0
2647,TRAIN_2647,TRAIN_2647.mp4,1,5,1
2648,TRAIN_2648,TRAIN_2648.mp4,0,5,0
2649,TRAIN_2649,TRAIN_2649.mp4,0,5,0
2650,TRAIN_2650,TRAIN_2650.mp4,7,5,2
2651,TRAIN_2651,TRAIN_2651.mp4,0,5,0
2652,TRAIN_2652,TRAIN_2652.mp4,0,5,0
2653,TRAIN_2653,TRAIN_2653.mp4,0,5,0
2654,TRAIN_2654,TRAIN_2654.mp4,6,3,1
2655,TRAIN_2655,TRAIN_2655.mp4,7,5,2
2656,TRAIN_2656,TRAIN_2656.mp4,3,5,1
2657,TRAIN_2657,TRAIN_2657.mp4,0,5,0
2658,TRAIN_2658,TRAIN_2658.mp4,7,5,2
2659,TRAIN_2659,TRAIN_2659.mp4,7,5,2
2660,TRAIN_2660,TRAIN_2660.mp4,0,5,0
2661,TRAIN_2661,TRAIN_2661.mp4,0,5,0
2662,TRAIN_2662,TRAIN_2662.mp4,11,5,2
2663,TRAIN_2663,TRAIN_2663.mp4,7,5,2
2664,TRAIN_2664,TRAIN_2664.mp4,0,5,0
2665,TRAIN_2665,TRAIN_2665.mp4,0,5,0
2666,TRAIN_2666,TRAIN_2666.mp4,0,5,0
2667,TRAIN_2667,TRAIN_2667.mp4,0,5,0
2668,TRAIN_2668,TRAIN_2668.mp4,7,5,2
2669,TRAIN_2669,TRAIN_2669.mp4,7,5,2
2670,TRAIN_2670,TRAIN_2670.mp4,0,5,0
2671,TRAIN_2671,TRAIN_2671.mp4,0,5,0
2672,TRAIN_2672,TRAIN_2672.mp4,0,5,0
2673,TRAIN_2673,TRAIN_2673.mp4,0,5,0
2674,TRAIN_2674,TRAIN_2674.mp4,0,5,0
2675,TRAIN_2675,TRAIN_2675.mp4,0,5,0
2676,TRAIN_2676,TRAIN_2676.mp4,0,5,0
2677,TRAIN_2677,TRAIN_2677.mp4,0,5,0
2678,TRAIN_2678,TRAIN_2678.mp4,0,5,0
2679,TRAIN_2679,TRAIN_2679.mp4,0,5,0
2680,TRAIN_2680,TRAIN_2680.mp4,0,5,0
2681,TRAIN_2681,TRAIN_2681.mp4,0,5,0
2682,TRAIN_2682,TRAIN_2682.mp4,3,5,1
2683,TRAIN_2683,TRAIN_2683.mp4,0,5,0
2684,TRAIN_2684,TRAIN_2684.mp4,0,5,0
2685,TRAIN_2685,TRAIN_2685.mp4,8,5,2
2686,TRAIN_2686,TRAIN_2686.mp4,0,5,0
2687,TRAIN_2687,TRAIN_2687.mp4,0,5,0
2688,TRAIN_2688,TRAIN_2688.mp4,0,5,0
2689,TRAIN_2689,TRAIN_2689.mp4,1,5,1
2690,TRAIN_2690,TRAIN_2690.mp4,0,5,0
2691,TRAIN_2691,TRAIN_2691.mp4,0,5,0
2692,TRAIN_2692,TRAIN_2692.mp4,7,5,2
2693,TRAIN_2693,TRAIN_2693.mp4,3,5,1
2694,TRAIN_2694,TRAIN_2694.mp4,5,5,1
2695,TRAIN_2695,TRAIN_2695.mp4,0,5,0
2696,TRAIN_2696,TRAIN_2696.mp4,0,5,0
2697,TRAIN_2697,TRAIN_2697.mp4,0,5,0
